team_targetid ,geo,event_id,timeline,group_id,time,latitude,longitude,frp
Mayday_12,1,1,ABI_G18_20242062156174_groups.csv,6,2024-07-24 21:56:55,39.7879,-121.7775,322.99
Mayday_12,0,0,,0,2024-07-24 22:01:00,39.77399,-121.76971,20.1
Mayday_12,0,0,,0,2024-07-24 22:01:00,39.77415,-121.76353,21.85
Mayday_12,0,0,,0,2024-07-24 22:01:00,39.77432,-121.75719,21.85
Mayday_12,0,0,,0,2024-07-24 22:01:00,39.76785,-121.76293,5.77
Mayday_12,1,1,ABI_G18_20242062201174_groups.csv,4,2024-07-24 22:01:55,39.8,-121.7746,567.4
Mayday_12,1,1,ABI_G18_20242062206174_groups.csv,7,2024-07-24 22:06:55,39.7885,-121.7776,306.65
Mayday_12,1,1,ABI_G18_20242062211174_groups.csv,6,2024-07-24 22:11:55,39.7885,-121.7773,391.62
Mayday_12,1,1,ABI_G18_20242062216174_groups.csv,6,2024-07-24 22:16:55,39.7879,-121.7773,436.87
Mayday_12,1,1,ABI_G18_20242062221174_groups.csv,6,2024-07-24 22:21:55,39.7993,-121.7745,580.35
Mayday_12,1,1,ABI_G18_20242062226174_groups.csv,7,2024-07-24 22:26:55,39.7879,-121.7773,461.45
Mayday_12,1,1,ABI_G18_20242062231174_groups.csv,7,2024-07-24 22:31:55,39.8,-121.7745,720.15
Mayday_12,0,0,,0,2024-07-24 22:33:00,39.7721,-121.773,228.1
Mayday_12,1,1,ABI_G18_20242062236174_groups.csv,7,2024-07-24 22:36:55,39.7945,-121.7726,539.32
Mayday_12,1,1,ABI_G18_20242062241174_groups.csv,6,2024-07-24 22:41:55,39.7999,-121.7743,563.69
Mayday_12,1,1,ABI_G18_20242062246174_groups.csv,7,2024-07-24 22:46:55,39.7879,-121.7774,410.5
Mayday_12,1,1,ABI_G18_20242062251174_groups.csv,6,2024-07-24 22:51:55,39.7991,-121.7745,640.54
Mayday_12,1,1,ABI_G18_20242062256174_groups.csv,6,2024-07-24 22:56:55,39.7996,-121.7745,613.04
Mayday_12,1,1,ABI_G18_20242062301174_groups.csv,6,2024-07-24 23:01:55,39.8002,-121.7742,618.3
Mayday_12,1,1,ABI_G18_20242062306174_groups.csv,5,2024-07-24 23:06:55,39.7992,-121.7746,765.8
Mayday_12,1,1,ABI_G18_20242062311174_groups.csv,5,2024-07-24 23:11:55,39.8004,-121.7743,728.54
Mayday_12,1,1,ABI_G18_20242062316174_groups.csv,5,2024-07-24 23:16:55,39.7999,-121.7744,775.84
Mayday_12,1,1,ABI_G18_20242062321174_groups.csv,5,2024-07-24 23:21:55,39.8003,-121.7743,654.48
Mayday_12,1,1,ABI_G18_20242062326174_groups.csv,4,2024-07-24 23:26:55,39.7998,-121.7745,637.73
Mayday_12,1,1,ABI_G18_20242062331174_groups.csv,4,2024-07-24 23:31:55,39.8005,-121.7742,827.31
Mayday_12,1,1,ABI_G18_20242062336174_groups.csv,3,2024-07-24 23:36:55,39.8011,-121.774,1503.99
Mayday_12,1,1,ABI_G18_20242062341174_groups.csv,4,2024-07-24 23:41:55,39.8007,-121.7741,1832.03
Mayday_12,1,1,ABI_G18_20242062346174_groups.csv,5,2024-07-24 23:46:55,39.8006,-121.7742,1825.3
Mayday_12,1,1,ABI_G18_20242062351174_groups.csv,4,2024-07-24 23:51:55,39.8007,-121.7741,1970.64
Mayday_12,1,1,ABI_G18_20242062356174_groups.csv,4,2024-07-24 23:56:55,39.8006,-121.7741,1610.8
Mayday_12,1,1,ABI_G18_20242070001174_groups.csv,5,2024-07-25 00:01:55,39.8004,-121.7742,1526.33
Mayday_12,1,1,ABI_G18_20242070006174_groups.csv,4,2024-07-25 00:06:55,39.8006,-121.7742,1640.94
Mayday_12,1,1,ABI_G18_20242070011174_groups.csv,4,2024-07-25 00:11:55,39.8009,-121.7739,1846.46
Mayday_12,1,1,ABI_G18_20242070016174_groups.csv,5,2024-07-25 00:16:55,39.8013,-121.7736,2589.69
Mayday_12,1,1,ABI_G18_20242070021174_groups.csv,4,2024-07-25 00:21:55,39.8011,-121.7737,2063.54
Mayday_12,1,1,ABI_G18_20242070026174_groups.csv,4,2024-07-25 00:26:55,39.8013,-121.7735,2512.91
Mayday_12,1,1,ABI_G18_20242070031174_groups.csv,2,2024-07-25 00:31:55,39.8232,-121.7682,2829.96
Mayday_12,1,1,ABI_G18_20242070036174_groups.csv,3,2024-07-25 00:36:55,39.8239,-121.7681,2824.11
Mayday_12,1,1,ABI_G18_20242070041174_groups.csv,1,2024-07-25 00:41:55,39.825,-121.768,5529.63
Mayday_12,1,1,ABI_G18_20242070046174_groups.csv,1,2024-07-25 00:46:55,39.8256,-121.768,7721.99
Mayday_12,1,1,ABI_G18_20242070051174_groups.csv,1,2024-07-25 00:51:55,39.8257,-121.7679,7143.26
Mayday_12,1,1,ABI_G18_20242070056174_groups.csv,1,2024-07-25 00:56:55,39.8272,-121.8315,169.25
Mayday_12,1,1,ABI_G18_20242070056174_groups.csv,2,2024-07-25 00:56:55,39.7612,-121.7971,NaN
Mayday_12,1,1,ABI_G18_20242070101174_groups.csv,1,2024-07-25 01:01:55,39.8274,-121.8315,173.73
Mayday_12,1,1,ABI_G18_20242070101174_groups.csv,2,2024-07-25 01:01:55,39.7612,-121.7971,NaN
Mayday_12,1,1,ABI_G18_20242070106174_groups.csv,1,2024-07-25 01:06:55,39.8413,-121.828,86.04
Mayday_12,1,1,ABI_G18_20242070126174_groups.csv,1,2024-07-25 01:26:55,39.7612,-121.7971,NaN
Mayday_12,1,1,ABI_G18_20242070131174_groups.csv,1,2024-07-25 01:31:55,39.7612,-121.7971,NaN
Mayday_12,1,1,ABI_G18_20242070151174_groups.csv,1,2024-07-25 01:51:55,39.8268,-121.7677,8685.99
Mayday_12,1,1,ABI_G18_20242070201174_groups.csv,1,2024-07-25 02:01:54,39.8428,-121.7718,12171.1
Mayday_12,1,1,ABI_G18_20242070221174_groups.csv,1,2024-07-25 02:21:55,39.8136,-121.7713,NaN
Mayday_12,1,1,ABI_G18_20242070226174_groups.csv,1,2024-07-25 02:26:55,39.8136,-121.7713,NaN
Mayday_12,1,1,ABI_G18_20242070301174_groups.csv,1,2024-07-25 03:01:55,39.814,-121.7967,NaN
Mayday_12,1,1,ABI_G18_20242070316174_groups.csv,1,2024-07-25 03:16:55,39.8144,-121.7837,NaN
Mayday_12,1,1,ABI_G18_20242070321174_groups.csv,1,2024-07-25 03:21:55,39.7882,-121.7676,5001.33
Mayday_12,1,1,ABI_G18_20242070326174_groups.csv,1,2024-07-25 03:26:55,39.7883,-121.7661,5568.52
Mayday_12,1,1,ABI_G18_20242070331174_groups.csv,1,2024-07-25 03:31:55,39.7882,-121.7668,4740.97
Mayday_12,1,1,ABI_G18_20242070336174_groups.csv,1,2024-07-25 03:36:55,39.7882,-121.7672,4021.08
Mayday_12,1,1,ABI_G18_20242070341174_groups.csv,1,2024-07-25 03:41:55,39.7882,-121.7687,3521.43
Mayday_12,1,1,ABI_G18_20242070346174_groups.csv,2,2024-07-25 03:46:54,39.8674,-121.7449,NaN
Mayday_12,1,1,ABI_G18_20242070346174_groups.csv,1,2024-07-25 03:46:55,39.7943,-121.7609,3733.22
Mayday_12,1,1,ABI_G18_20242070351174_groups.csv,2,2024-07-25 03:51:54,39.8674,-121.7449,NaN
Mayday_12,1,1,ABI_G18_20242070351174_groups.csv,1,2024-07-25 03:51:55,39.7941,-121.7613,3174.92
Mayday_12,1,1,ABI_G18_20242070356174_groups.csv,1,2024-07-25 03:56:55,39.7881,-121.7694,2574.02
Mayday_12,1,1,ABI_G18_20242070401174_groups.csv,1,2024-07-25 04:01:55,39.7881,-121.7706,2479.18
Mayday_12,1,1,ABI_G18_20242070406174_groups.csv,1,2024-07-25 04:06:55,39.7954,-121.7563,NaN
Mayday_12,1,1,ABI_G18_20242070411174_groups.csv,1,2024-07-25 04:11:55,39.7881,-121.7706,2216.49
Mayday_12,1,1,ABI_G18_20242070416174_groups.csv,1,2024-07-25 04:16:55,39.7881,-121.7391,419.49
Mayday_12,1,1,ABI_G18_20242070421174_groups.csv,1,2024-07-25 04:21:55,39.7881,-121.7715,2080.72
Mayday_12,1,1,ABI_G18_20242070426174_groups.csv,1,2024-07-25 04:26:55,39.7932,-121.7641,2457.44
Mayday_12,1,1,ABI_G18_20242070431174_groups.csv,1,2024-07-25 04:31:55,39.7881,-121.7695,2096.58
Mayday_12,1,1,ABI_G18_20242070436174_groups.csv,1,2024-07-25 04:36:55,39.7881,-121.7702,2145.32
Mayday_12,0,0,,0,2024-07-25 04:38:00,39.7813,-121.7643,43.8
Mayday_12,0,0,,0,2024-07-25 04:38:00,39.8065,-121.7291,121
Mayday_12,0,0,,0,2024-07-25 04:38:00,39.7964,-121.7699,157.9
Mayday_12,0,0,,0,2024-07-25 04:38:00,39.8217,-121.7343,78.1
Mayday_12,0,0,,0,2024-07-25 04:38:00,39.8115,-121.7754,356.9
Mayday_12,0,0,,0,2024-07-25 04:38:00,39.8013,-121.8168,118.3
Mayday_12,0,0,,0,2024-07-25 04:38:00,39.8365,-121.7408,58.8
Mayday_12,0,0,,0,2024-07-25 04:38:00,39.8265,-121.7812,746.3
Mayday_12,0,0,,0,2024-07-25 04:38:00,39.8162,-121.823,280.2
Mayday_12,0,0,,0,2024-07-25 04:38:00,39.8513,-121.7472,65.3
Mayday_12,0,0,,0,2024-07-25 04:38:00,39.8413,-121.7883,1028.6
Mayday_12,0,0,,0,2024-07-25 04:38:00,39.8312,-121.8291,231.9
Mayday_12,0,0,,0,2024-07-25 04:38:00,39.8023,-121.7322,93
Mayday_12,0,0,,0,2024-07-25 04:38:00,39.792,-121.7729,106.7
Mayday_12,0,0,,0,2024-07-25 04:38:00,39.8175,-121.7374,182.5
Mayday_12,0,0,,0,2024-07-25 04:38:00,39.807,-121.7786,268.3
Mayday_12,0,0,,0,2024-07-25 04:38:00,39.7966,-121.8195,43.9
Mayday_12,0,0,,0,2024-07-25 04:38:00,39.8325,-121.7434,69.1
Mayday_12,0,0,,0,2024-07-25 04:38:00,39.8222,-121.784,574.9
Mayday_12,0,0,,0,2024-07-25 04:38:00,39.8117,-121.8255,162.8
Mayday_12,0,0,,0,2024-07-25 04:38:00,39.8473,-121.7499,89.3
Mayday_12,0,0,,0,2024-07-25 04:38:00,39.8369,-121.7911,862.3
Mayday_12,0,0,,0,2024-07-25 04:38:00,39.8267,-121.8316,142.4
Mayday_12,0,0,,0,2024-07-25 04:38:00,39.8624,-121.7551,367.3
Mayday_12,0,0,,0,2024-07-25 04:38:00,39.8521,-121.7961,2112.3
Mayday_12,0,0,,0,2024-07-25 04:38:00,39.8416,-121.838,184.4
Mayday_12,0,0,,0,2024-07-25 04:38:00,39.8775,-121.7603,299.9
Mayday_12,0,0,,0,2024-07-25 04:38:00,39.867,-121.8027,959
Mayday_12,0,0,,0,2024-07-25 04:38:00,39.8566,-121.8442,57.9
Mayday_12,1,1,ABI_G18_20242070441174_groups.csv,3,2024-07-25 04:41:54,39.8674,-121.7449,NaN
Mayday_12,1,1,ABI_G18_20242070441174_groups.csv,2,2024-07-25 04:41:55,39.7933,-121.764,2328.4
Mayday_12,1,1,ABI_G18_20242070446174_groups.csv,2,2024-07-25 04:46:54,39.8674,-121.7449,NaN
Mayday_12,1,1,ABI_G18_20242070446174_groups.csv,1,2024-07-25 04:46:55,39.7936,-121.7624,2911.66
Mayday_12,1,1,ABI_G18_20242070451174_groups.csv,3,2024-07-25 04:51:54,39.8674,-121.7449,NaN
Mayday_12,1,1,ABI_G18_20242070451174_groups.csv,2,2024-07-25 04:51:55,39.7938,-121.7616,3101.34
Mayday_12,1,1,ABI_G18_20242070456174_groups.csv,3,2024-07-25 04:56:54,39.8554,-121.7475,NaN
Mayday_12,1,1,ABI_G18_20242070456174_groups.csv,2,2024-07-25 04:56:55,39.8013,-121.7361,1593.46
Mayday_12,1,1,ABI_G18_20242070501174_groups.csv,2,2024-07-25 05:01:54,39.8416,-121.7511,NaN
Mayday_12,1,1,ABI_G18_20242070501174_groups.csv,1,2024-07-25 05:01:55,39.8015,-121.7361,1468.19
Mayday_12,1,1,ABI_G18_20242070506174_groups.csv,2,2024-07-25 05:06:55,39.794,-121.7616,2887.99
Mayday_12,1,1,ABI_G18_20242070511174_groups.csv,3,2024-07-25 05:11:55,39.8416,-121.7511,NaN
Mayday_12,1,1,ABI_G18_20242070511174_groups.csv,2,2024-07-25 05:11:55,39.8014,-121.7361,1103.13
Mayday_12,1,1,ABI_G18_20242070516174_groups.csv,3,2024-07-25 05:16:54,39.8416,-121.7511,NaN
Mayday_12,1,1,ABI_G18_20242070516174_groups.csv,1,2024-07-25 05:16:55,39.8019,-121.736,877.82
Mayday_12,1,1,ABI_G18_20242070521174_groups.csv,4,2024-07-25 05:21:54,39.8416,-121.7511,NaN
Mayday_12,1,1,ABI_G18_20242070521174_groups.csv,2,2024-07-25 05:21:55,39.8018,-121.736,763.1
Mayday_12,1,1,ABI_G18_20242070526174_groups.csv,1,2024-07-25 05:26:55,39.7908,-121.7833,2864.35
Mayday_12,1,1,ABI_G18_20242070531174_groups.csv,3,2024-07-25 05:31:55,39.8097,-121.7625,3829.39
Mayday_12,1,1,ABI_G18_20242070536174_groups.csv,5,2024-07-25 05:36:55,39.8416,-121.7511,NaN
Mayday_12,1,1,ABI_G18_20242070536174_groups.csv,4,2024-07-25 05:36:55,39.8012,-121.7362,685.25
Mayday_12,1,1,ABI_G18_20242070541174_groups.csv,3,2024-07-25 05:41:55,39.814,-121.7328,405.1
Mayday_12,1,1,ABI_G18_20242070546174_groups.csv,4,2024-07-25 05:46:54,39.8416,-121.7511,NaN
Mayday_12,1,1,ABI_G18_20242070546174_groups.csv,2,2024-07-25 05:46:55,39.814,-121.7328,275.93
Mayday_12,1,1,ABI_G18_20242070551174_groups.csv,4,2024-07-25 05:51:55,39.8416,-121.7511,NaN
Mayday_12,1,1,ABI_G18_20242070551174_groups.csv,2,2024-07-25 05:51:55,39.814,-121.7328,286.48
Mayday_12,1,1,ABI_G18_20242070556174_groups.csv,4,2024-07-25 05:56:55,39.8019,-121.736,645.55
Mayday_12,1,1,ABI_G18_20242070601174_groups.csv,3,2024-07-25 06:01:55,39.8006,-121.7363,640.79
Mayday_12,1,1,ABI_G18_20242070606174_groups.csv,2,2024-07-25 06:06:55,39.8004,-121.7364,599.2
Mayday_12,1,1,ABI_G18_20242070611174_groups.csv,1,2024-07-25 06:11:55,39.8183,-121.7545,2113.4
Mayday_12,1,1,ABI_G18_20242070611174_groups.csv,2,2024-07-25 06:11:55,39.7877,-121.8159,NaN
Mayday_12,0,0,,0,2024-07-25 06:16:00,39.7959,-121.7193,53.6
Mayday_12,0,0,,0,2024-07-25 06:16:00,39.7942,-121.7663,141.3
Mayday_12,0,0,,0,2024-07-25 06:16:00,39.798,-121.7237,76.2
Mayday_12,0,0,,0,2024-07-25 06:16:00,39.7966,-121.7717,161.2
Mayday_12,0,0,,0,2024-07-25 06:16:00,39.7952,-121.8192,50.2
Mayday_12,0,0,,0,2024-07-25 06:16:00,39.8153,-121.7254,225.6
Mayday_12,0,0,,0,2024-07-25 06:16:00,39.8138,-121.7741,379.7
Mayday_12,0,0,,0,2024-07-25 06:16:00,39.8123,-121.8207,353.2
Mayday_12,0,0,,0,2024-07-25 06:16:00,39.831,-121.7753,366.4
Mayday_12,0,0,,0,2024-07-25 06:16:00,39.8295,-121.8223,1336
Mayday_12,0,0,,0,2024-07-25 06:16:00,39.8482,-121.7767,553
Mayday_12,0,0,,0,2024-07-25 06:16:00,39.8466,-121.8239,1973.2
Mayday_12,0,0,,0,2024-07-25 06:16:00,39.8653,-121.7797,502.2
Mayday_12,0,0,,0,2024-07-25 06:16:00,39.8637,-121.8255,1473.2
Mayday_12,0,0,,0,2024-07-25 06:16:00,39.8825,-121.7807,425.3
Mayday_12,0,0,,0,2024-07-25 06:16:00,39.8176,-121.7347,370.8
Mayday_12,0,0,,0,2024-07-25 06:16:00,39.8164,-121.7809,457
Mayday_12,0,0,,0,2024-07-25 06:16:00,39.8152,-121.8278,318.4
Mayday_12,0,0,,0,2024-07-25 06:16:00,39.8336,-121.7824,537.6
Mayday_12,0,0,,0,2024-07-25 06:16:00,39.8323,-121.8296,1171
Mayday_12,0,0,,0,2024-07-25 06:16:00,39.8507,-121.7844,807.4
Mayday_12,0,0,,0,2024-07-25 06:16:00,39.8494,-121.8309,1839.8
Mayday_12,0,0,,0,2024-07-25 06:16:00,39.8679,-121.7865,715.4
Mayday_12,1,1,ABI_G18_20242070616175_groups.csv,1,2024-07-25 06:16:55,39.7953,-121.7817,2843.66
Mayday_12,1,1,ABI_G18_20242070621175_groups.csv,2,2024-07-25 06:21:55,39.8028,-121.754,1475.44
Mayday_12,1,1,ABI_G18_20242070621175_groups.csv,3,2024-07-25 06:21:55,39.7877,-121.8159,NaN
Mayday_12,1,1,ABI_G18_20242070626175_groups.csv,2,2024-07-25 06:26:55,39.8092,-121.7497,974.38
Mayday_12,1,1,ABI_G18_20242070626175_groups.csv,3,2024-07-25 06:26:55,39.7877,-121.8159,NaN
Mayday_12,1,1,ABI_G18_20242070631175_groups.csv,2,2024-07-25 06:31:55,39.8142,-121.7521,718.31
Mayday_12,1,1,ABI_G18_20242070631175_groups.csv,3,2024-07-25 06:31:55,39.7877,-121.8159,NaN
Mayday_12,1,1,ABI_G18_20242070636175_groups.csv,3,2024-07-25 06:36:55,39.7952,-121.7905,2104.33
Mayday_12,1,1,ABI_G18_20242070641175_groups.csv,1,2024-07-25 06:41:55,39.8005,-121.7724,1249.64
Mayday_12,1,1,ABI_G18_20242070641175_groups.csv,2,2024-07-25 06:41:55,39.8015,-121.8124,NaN
Mayday_12,1,1,ABI_G18_20242070646175_groups.csv,1,2024-07-25 06:46:55,39.8143,-121.7514,726.09
Mayday_12,1,1,ABI_G18_20242070646175_groups.csv,2,2024-07-25 06:46:55,39.7877,-121.8159,NaN
Mayday_12,1,1,ABI_G18_20242070651175_groups.csv,1,2024-07-25 06:51:55,39.8004,-121.7705,1276.81
Mayday_12,1,1,ABI_G18_20242070651175_groups.csv,2,2024-07-25 06:51:55,39.8015,-121.8124,NaN
Mayday_12,1,1,ABI_G18_20242070656175_groups.csv,1,2024-07-25 06:56:55,39.8101,-121.7543,4645.38
Mayday_12,1,1,ABI_G18_20242070656175_groups.csv,2,2024-07-25 06:56:55,39.8015,-121.8124,NaN
Mayday_12,1,1,ABI_G18_20242070701175_groups.csv,2,2024-07-25 07:01:55,39.8568,-121.7608,5192.76
Mayday_12,1,1,ABI_G18_20242070701175_groups.csv,3,2024-07-25 07:01:55,39.7877,-121.8159,NaN
Mayday_12,1,1,ABI_G18_20242070706175_groups.csv,2,2024-07-25 07:06:55,39.8141,-121.8222,NaN
Mayday_12,1,1,ABI_G18_20242070711175_groups.csv,3,2024-07-25 07:11:55,39.8437,-121.7636,7431.8
Mayday_12,1,1,ABI_G18_20242070711175_groups.csv,4,2024-07-25 07:11:55,39.8234,-121.8155,NaN
Mayday_12,1,1,ABI_G18_20242070716175_groups.csv,2,2024-07-25 07:16:55,39.8141,-121.8222,NaN
Mayday_12,1,1,ABI_G18_20242070721175_groups.csv,2,2024-07-25 07:21:55,39.8143,-121.8349,NaN
Mayday_12,1,1,ABI_G18_20242070726175_groups.csv,2,2024-07-25 07:26:55,39.8143,-121.8349,NaN
Mayday_12,1,1,ABI_G18_20242070731175_groups.csv,2,2024-07-25 07:31:55,39.8143,-121.8349,NaN
Mayday_12,1,1,ABI_G18_20242070736175_groups.csv,2,2024-07-25 07:36:55,39.8143,-121.8349,NaN
Mayday_12,1,1,ABI_G18_20242070741175_groups.csv,3,2024-07-25 07:41:55,39.8251,-121.7299,348.31
Mayday_12,1,1,ABI_G18_20242070746175_groups.csv,4,2024-07-25 07:46:55,39.814,-121.7328,161.16
Mayday_12,1,1,ABI_G18_20242070751175_groups.csv,4,2024-07-25 07:51:55,39.8249,-121.73,311.99
Mayday_12,1,1,ABI_G18_20242070756175_groups.csv,4,2024-07-25 07:56:55,39.8247,-121.73,237.2
Mayday_12,1,1,ABI_G18_20242070801175_groups.csv,4,2024-07-25 08:01:55,39.8248,-121.73,242.57
Mayday_12,1,1,ABI_G18_20242070806175_groups.csv,4,2024-07-25 08:06:55,39.814,-121.7328,155.83
Mayday_12,1,1,ABI_G18_20242070811175_groups.csv,4,2024-07-25 08:11:55,39.814,-121.7328,155.89
Mayday_12,1,1,ABI_G18_20242070816175_groups.csv,3,2024-07-25 08:16:55,39.8248,-121.7409,523.31
Mayday_12,1,1,ABI_G18_20242070821175_groups.csv,4,2024-07-25 08:21:55,39.8207,-121.7453,399.91
Mayday_12,1,1,ABI_G18_20242070826175_groups.csv,3,2024-07-25 08:26:55,39.8247,-121.7412,508.67
Mayday_12,1,1,ABI_G18_20242070831175_groups.csv,3,2024-07-25 08:31:55,39.8243,-121.7413,776.68
Mayday_12,1,1,ABI_G18_20242070836175_groups.csv,2,2024-07-25 08:36:55,39.862,-121.8291,6054.61
Mayday_12,1,1,ABI_G18_20242070836175_groups.csv,3,2024-07-25 08:36:55,39.8245,-121.7414,629.47
Mayday_12,1,1,ABI_G18_20242070841175_groups.csv,2,2024-07-25 08:41:55,39.8563,-121.8375,2941.81
Mayday_12,1,1,ABI_G18_20242070841175_groups.csv,3,2024-07-25 08:41:55,39.8216,-121.7463,976.35
Mayday_12,1,1,ABI_G18_20242070846175_groups.csv,2,2024-07-25 08:46:55,39.8563,-121.8375,2725.94
Mayday_12,1,1,ABI_G18_20242070846175_groups.csv,3,2024-07-25 08:46:55,39.8256,-121.742,1341.31
Mayday_12,1,1,ABI_G18_20242070851175_groups.csv,3,2024-07-25 08:51:55,39.826,-121.7419,1271.56
Mayday_12,1,1,ABI_G18_20242070856175_groups.csv,2,2024-07-25 08:56:55,39.8631,-121.8285,4232.03
Mayday_12,1,1,ABI_G18_20242070856175_groups.csv,3,2024-07-25 08:56:55,39.8257,-121.742,1089.7
Mayday_12,1,1,ABI_G18_20242070901175_groups.csv,3,2024-07-25 09:01:55,39.8263,-121.7422,1707.26
Mayday_12,1,1,ABI_G18_20242070906175_groups.csv,3,2024-07-25 09:06:55,39.8265,-121.7422,2429.52
Mayday_12,1,1,ABI_G18_20242070911175_groups.csv,2,2024-07-25 09:11:55,39.8265,-121.7422,2476.46
Mayday_12,1,1,ABI_G18_20242070916175_groups.csv,2,2024-07-25 09:16:55,39.8208,-121.7421,4487.68
Mayday_12,1,1,ABI_G18_20242070921175_groups.csv,2,2024-07-25 09:21:55,39.8256,-121.753,3474.44
Mayday_12,1,1,ABI_G18_20242070926175_groups.csv,2,2024-07-25 09:26:55,39.8255,-121.7539,3401.12
Mayday_12,0,0,,0,2024-07-25 09:30:00,39.84077,-121.78727,4.07
Mayday_12,0,0,,0,2024-07-25 09:30:00,39.88517,-121.77166,8.43
Mayday_12,0,0,,0,2024-07-25 09:30:00,39.88465,-121.7657,8.43
Mayday_12,0,0,,0,2024-07-25 09:30:00,39.88182,-121.78333,6.36
Mayday_12,0,0,,0,2024-07-25 09:30:00,39.87899,-121.80125,3.39
Mayday_12,0,0,,0,2024-07-25 09:30:00,39.87515,-121.80743,3.39
Mayday_12,0,0,,0,2024-07-25 09:30:00,39.87558,-121.81236,3.97
Mayday_12,0,0,,0,2024-07-25 09:30:00,39.87468,-121.80197,3.39
Mayday_12,0,0,,0,2024-07-25 09:30:00,39.87415,-121.79574,6.88
Mayday_12,0,0,,0,2024-07-25 09:30:00,39.87175,-121.76789,4.97
Mayday_12,0,0,,0,2024-07-25 09:30:00,39.87175,-121.81882,7.48
Mayday_12,0,0,,0,2024-07-25 09:30:00,39.87128,-121.81331,7.48
Mayday_12,0,0,,0,2024-07-25 09:30:00,39.87084,-121.80817,4.97
Mayday_12,0,0,,0,2024-07-25 09:30:00,39.87037,-121.8027,4.97
Mayday_12,0,0,,0,2024-07-25 09:30:00,39.86984,-121.79651,3.13
Mayday_12,0,0,,0,2024-07-25 09:30:00,39.86795,-121.82552,6.72
Mayday_12,0,0,,0,2024-07-25 09:30:00,39.86746,-121.8198,7.48
Mayday_12,0,0,,0,2024-07-25 09:30:00,39.867,-121.81436,7.48
Mayday_12,0,0,,0,2024-07-25 09:30:00,39.86654,-121.80894,4.97
Mayday_12,0,0,,0,2024-07-25 09:30:00,39.86606,-121.80338,4.97
Mayday_12,0,0,,0,2024-07-25 09:30:00,39.86224,-121.7588,10.62
Mayday_12,0,0,,0,2024-07-25 09:30:00,39.86554,-121.79731,3.13
Mayday_12,0,0,,0,2024-07-25 09:30:00,39.86506,-121.79163,3.13
Mayday_12,0,0,,0,2024-07-25 09:30:00,39.86411,-121.83186,13.67
Mayday_12,0,0,,0,2024-07-25 09:30:00,39.86364,-121.82639,13.67
Mayday_12,0,0,,0,2024-07-25 09:30:00,39.86317,-121.82078,5.42
Mayday_12,0,0,,0,2024-07-25 09:30:00,39.86271,-121.8154,5.42
Mayday_12,0,0,,0,2024-07-25 09:30:00,39.86224,-121.80985,4.49
Mayday_12,0,0,,0,2024-07-25 09:30:00,39.86174,-121.80402,4.49
Mayday_12,0,0,,0,2024-07-25 09:30:00,39.86124,-121.79817,2.47
Mayday_12,0,0,,0,2024-07-25 09:30:00,39.86076,-121.79249,2.47
Mayday_12,0,0,,0,2024-07-25 09:30:00,39.85981,-121.78134,3.25
Mayday_12,0,0,,0,2024-07-25 09:30:00,39.85797,-121.75983,2.78
Mayday_12,0,0,,0,2024-07-25 09:30:00,39.86026,-121.8381,11.06
Mayday_12,0,0,,0,2024-07-25 09:30:00,39.8598,-121.83266,13.67
Mayday_12,0,0,,0,2024-07-25 09:30:00,39.85934,-121.82727,13.67
Mayday_12,0,0,,0,2024-07-25 09:30:00,39.85888,-121.82175,5.42
Mayday_12,0,0,,0,2024-07-25 09:30:00,39.85841,-121.81623,5.42
Mayday_12,0,0,,0,2024-07-25 09:30:00,39.85793,-121.81054,4.49
Mayday_12,0,0,,0,2024-07-25 09:30:00,39.85744,-121.80479,4.49
Mayday_12,0,0,,0,2024-07-25 09:30:00,39.85695,-121.79905,2.47
Mayday_12,0,0,,0,2024-07-25 09:30:00,39.85646,-121.79326,2.47
Mayday_12,0,0,,0,2024-07-25 09:30:00,39.85597,-121.78757,3.25
Mayday_12,0,0,,0,2024-07-25 09:30:00,39.85369,-121.76079,2.78
Mayday_12,0,0,,0,2024-07-25 09:30:00,39.87006,-121.82072,6.91
Mayday_12,0,0,,0,2024-07-25 09:30:00,39.86954,-121.81516,6.67
Mayday_12,0,0,,0,2024-07-25 09:30:00,39.86906,-121.80989,6.67
Mayday_12,0,0,,0,2024-07-25 09:30:00,39.86857,-121.80454,3.89
Mayday_12,0,0,,0,2024-07-25 09:30:00,39.86395,-121.75436,4.58
Mayday_12,0,0,,0,2024-07-25 09:30:00,39.86801,-121.7985,3.89
Mayday_12,0,0,,0,2024-07-25 09:30:00,39.86747,-121.79267,3.7
Mayday_12,0,0,,0,2024-07-25 09:30:00,39.86445,-121.75984,4.58
Mayday_12,0,0,,0,2024-07-25 09:30:00,39.86628,-121.82727,6.91
Mayday_12,0,0,,0,2024-07-25 09:30:00,39.86577,-121.82169,6.91
Mayday_12,0,0,,0,2024-07-25 09:30:00,39.86527,-121.81623,6.67
Mayday_12,0,0,,0,2024-07-25 09:30:00,39.86478,-121.81084,6.67
Mayday_12,0,0,,0,2024-07-25 09:30:00,39.86425,-121.80514,3.89
Mayday_12,0,0,,0,2024-07-25 09:30:00,39.86371,-121.79929,3.89
Mayday_12,0,0,,0,2024-07-25 09:30:00,39.86318,-121.79352,3.7
Mayday_12,0,0,,0,2024-07-25 09:30:00,39.86018,-121.7608,4.58
Mayday_12,0,0,,0,2024-07-25 09:30:00,39.86248,-121.8336,13.38
Mayday_12,0,0,,0,2024-07-25 09:30:00,39.86198,-121.82813,9.99
Mayday_12,0,0,,0,2024-07-25 09:30:00,39.86147,-121.82253,9.99
Mayday_12,0,0,,0,2024-07-25 09:30:00,39.86098,-121.81719,4.94
Mayday_12,0,0,,0,2024-07-25 09:30:00,39.86048,-121.8117,4.94
Mayday_12,0,0,,0,2024-07-25 09:30:00,39.85994,-121.80586,2.85
Mayday_12,0,0,,0,2024-07-25 09:30:00,39.85941,-121.80005,2.85
Mayday_12,0,0,,0,2024-07-25 09:30:00,39.85889,-121.79432,3.2
Mayday_12,0,0,,0,2024-07-25 09:30:00,39.85786,-121.78316,6.13
Mayday_12,0,0,,0,2024-07-25 09:30:00,39.85591,-121.76176,4.16
Mayday_12,0,0,,0,2024-07-25 09:30:00,39.85866,-121.8398,13.38
Mayday_12,0,0,,0,2024-07-25 09:30:00,39.85817,-121.83441,13.38
Mayday_12,0,0,,0,2024-07-25 09:30:00,39.85767,-121.82896,9.99
Mayday_12,0,0,,0,2024-07-25 09:30:00,39.85718,-121.8235,9.99
Mayday_12,0,0,,0,2024-07-25 09:30:00,39.85669,-121.81813,4.94
Mayday_12,0,0,,0,2024-07-25 09:30:00,39.85617,-121.81237,4.94
Mayday_12,0,0,,0,2024-07-25 09:30:00,39.85564,-121.8066,2.85
Mayday_12,0,0,,0,2024-07-25 09:30:00,39.85406,-121.78941,3.2
Mayday_12,0,0,,0,2024-07-25 09:30:00,39.85163,-121.76269,4.16
Mayday_12,0,0,,0,2024-07-25 09:30:00,39.85512,-121.80092,2.85
Mayday_12,0,0,,0,2024-07-25 09:30:00,39.8546,-121.79517,3.2
Mayday_12,0,0,,0,2024-07-25 09:30:00,39.85483,-121.84595,10.18
Mayday_12,0,0,,0,2024-07-25 09:30:00,39.85434,-121.84058,8.09
Mayday_12,0,0,,0,2024-07-25 09:30:00,39.85386,-121.83524,8.09
Mayday_12,0,0,,0,2024-07-25 09:30:00,39.85336,-121.82974,9.79
Mayday_12,0,0,,0,2024-07-25 09:30:00,39.85287,-121.82432,9.79
Mayday_12,0,0,,0,2024-07-25 09:30:00,39.85236,-121.81868,4.77
Mayday_12,0,0,,0,2024-07-25 09:30:00,39.85186,-121.81309,4.77
Mayday_12,0,0,,0,2024-07-25 09:30:00,39.84931,-121.78514,3.31
Mayday_12,0,0,,0,2024-07-25 09:30:00,39.84735,-121.76363,6.21
Mayday_12,0,0,,0,2024-07-25 09:30:00,39.84688,-121.75838,6.21
Mayday_12,0,0,,0,2024-07-25 09:30:00,39.85132,-121.80726,2.54
Mayday_12,0,0,,0,2024-07-25 09:30:00,39.8508,-121.80152,2.54
Mayday_12,0,0,,0,2024-07-25 09:30:00,39.85029,-121.79588,2.61
Mayday_12,0,0,,0,2024-07-25 09:30:00,39.84979,-121.79046,2.61
Mayday_12,0,0,,0,2024-07-25 09:30:00,39.84883,-121.77987,3.31
Mayday_12,0,0,,0,2024-07-25 09:30:00,39.85052,-121.84675,10.18
Mayday_12,0,0,,0,2024-07-25 09:30:00,39.85003,-121.84134,8.09
Mayday_12,0,0,,0,2024-07-25 09:30:00,39.84955,-121.83598,8.09
Mayday_12,0,0,,0,2024-07-25 09:30:00,39.84905,-121.83044,9.79
Mayday_12,0,0,,0,2024-07-25 09:30:00,39.84854,-121.82485,9.79
Mayday_12,0,0,,0,2024-07-25 09:30:00,39.84804,-121.81929,4.77
Mayday_12,0,0,,0,2024-07-25 09:30:00,39.84753,-121.8136,4.77
Mayday_12,0,0,,0,2024-07-25 09:30:00,39.84699,-121.80778,2.54
Mayday_12,0,0,,0,2024-07-25 09:30:00,39.84307,-121.76458,6.21
Mayday_12,0,0,,0,2024-07-25 09:30:00,39.84259,-121.7592,6.21
Mayday_12,0,0,,0,2024-07-25 09:30:00,39.84648,-121.80209,2.54
Mayday_12,0,0,,0,2024-07-25 09:30:00,39.84552,-121.79145,2.61
Mayday_12,0,0,,0,2024-07-25 09:30:00,39.84505,-121.7863,3.31
Mayday_12,0,0,,0,2024-07-25 09:30:00,39.84408,-121.7756,5.71
Mayday_12,0,0,,0,2024-07-25 09:30:00,39.8467,-121.85295,11.85
Mayday_12,0,0,,0,2024-07-25 09:30:00,39.84621,-121.84754,11.85
Mayday_12,0,0,,0,2024-07-25 09:30:00,39.84572,-121.84212,10.06
Mayday_12,0,0,,0,2024-07-25 09:30:00,39.84523,-121.83667,10.06
Mayday_12,0,0,,0,2024-07-25 09:30:00,39.84473,-121.83109,9.83
Mayday_12,0,0,,0,2024-07-25 09:30:00,39.84423,-121.82554,9.83
Mayday_12,0,0,,0,2024-07-25 09:30:00,39.84372,-121.81982,4.79
Mayday_12,0,0,,0,2024-07-25 09:30:00,39.8432,-121.81417,4.79
Mayday_12,0,0,,0,2024-07-25 09:30:00,39.8427,-121.80861,4.19
Mayday_12,0,0,,0,2024-07-25 09:30:00,39.8422,-121.80311,4.19
Mayday_12,0,0,,0,2024-07-25 09:30:00,39.83879,-121.76549,14.15
Mayday_12,0,0,,0,2024-07-25 09:30:00,39.83829,-121.75999,14.15
Mayday_12,0,0,,0,2024-07-25 09:30:00,39.84172,-121.79782,3.95
Mayday_12,0,0,,0,2024-07-25 09:30:00,39.84029,-121.78194,4.07
Mayday_12,0,0,,0,2024-07-25 09:30:00,39.8393,-121.77102,5.91
Mayday_12,0,0,,0,2024-07-25 09:30:00,39.83728,-121.7488,7.43
Mayday_12,0,0,,0,2024-07-25 09:30:00,39.83676,-121.74311,1.95
Mayday_12,0,0,,0,2024-07-25 09:30:00,39.8414,-121.84274,10.06
Mayday_12,0,0,,0,2024-07-25 09:30:00,39.8409,-121.83728,10.06
Mayday_12,0,0,,0,2024-07-25 09:30:00,39.8404,-121.83175,9.83
Mayday_12,0,0,,0,2024-07-25 09:30:00,39.8399,-121.82613,9.83
Mayday_12,0,0,,0,2024-07-25 09:30:00,39.8394,-121.82053,4.79
Mayday_12,0,0,,0,2024-07-25 09:30:00,39.83889,-121.81495,4.79
Mayday_12,0,0,,0,2024-07-25 09:30:00,39.8384,-121.80949,4.19
Mayday_12,0,0,,0,2024-07-25 09:30:00,39.83792,-121.80415,4.19
Mayday_12,0,0,,0,2024-07-25 09:30:00,39.83745,-121.79886,3.95
Mayday_12,0,0,,0,2024-07-25 09:30:00,39.83697,-121.79359,3.95
Mayday_12,0,0,,0,2024-07-25 09:30:00,39.83395,-121.76024,14.15
Mayday_12,0,0,,0,2024-07-25 09:30:00,39.83446,-121.7658,14.15
Mayday_12,0,0,,0,2024-07-25 09:30:00,39.83347,-121.75487,7.43
Mayday_12,0,0,,0,2024-07-25 09:30:00,39.83196,-121.73824,1.95
Mayday_12,0,0,,0,2024-07-25 09:30:00,39.83708,-121.84343,8.82
Mayday_12,0,0,,0,2024-07-25 09:30:00,39.83658,-121.83788,8.82
Mayday_12,0,0,,0,2024-07-25 09:30:00,39.83609,-121.83239,5.72
Mayday_12,0,0,,0,2024-07-25 09:30:00,39.83559,-121.82686,5.72
Mayday_12,0,0,,0,2024-07-25 09:30:00,39.8351,-121.82138,5.81
Mayday_12,0,0,,0,2024-07-25 09:30:00,39.8346,-121.81583,5.81
Mayday_12,0,0,,0,2024-07-25 09:30:00,39.83411,-121.81041,5.94
Mayday_12,0,0,,0,2024-07-25 09:30:00,39.83362,-121.80491,5.94
Mayday_12,0,0,,0,2024-07-25 09:30:00,39.83313,-121.79946,2.87
Mayday_12,0,0,,0,2024-07-25 09:30:00,39.82914,-121.7552,231.58
Mayday_12,0,0,,0,2024-07-25 09:30:00,39.82866,-121.74992,231.58
Mayday_12,0,0,,0,2024-07-25 09:30:00,39.82817,-121.74456,329.03
Mayday_12,0,0,,0,2024-07-25 09:30:00,39.83263,-121.79394,2.87
Mayday_12,0,0,,0,2024-07-25 09:30:00,39.82961,-121.7604,9.11
Mayday_12,0,0,,0,2024-07-25 09:30:00,39.83226,-121.83855,8.82
Mayday_12,0,0,,0,2024-07-25 09:30:00,39.83177,-121.83306,5.72
Mayday_12,0,0,,0,2024-07-25 09:30:00,39.83129,-121.82774,5.72
Mayday_12,0,0,,0,2024-07-25 09:30:00,39.83081,-121.82234,5.81
Mayday_12,0,0,,0,2024-07-25 09:30:00,39.83031,-121.81678,5.81
Mayday_12,0,0,,0,2024-07-25 09:30:00,39.82981,-121.8112,5.94
Mayday_12,0,0,,0,2024-07-25 09:30:00,39.82932,-121.8057,5.94
Mayday_12,0,0,,0,2024-07-25 09:30:00,39.8288,-121.79999,2.87
Mayday_12,0,0,,0,2024-07-25 09:30:00,39.82482,-121.75566,231.58
Mayday_12,0,0,,0,2024-07-25 09:30:00,39.82433,-121.75027,231.58
Mayday_12,0,0,,0,2024-07-25 09:30:00,39.82334,-121.73924,329.03
Mayday_12,0,0,,0,2024-07-25 09:30:00,39.83275,-121.84409,8.82
Mayday_12,0,0,,0,2024-07-25 09:30:00,39.82829,-121.7943,2.87
Mayday_12,0,0,,0,2024-07-25 09:30:00,39.8278,-121.78877,3.14
Mayday_12,0,0,,0,2024-07-25 09:30:00,39.82731,-121.78336,3.14
Mayday_12,0,0,,0,2024-07-25 09:30:00,39.82288,-121.73409,4.22
Mayday_12,0,0,,0,2024-07-25 09:30:00,39.82746,-121.83385,7.16
Mayday_12,0,0,,0,2024-07-25 09:30:00,39.82699,-121.82857,7.16
Mayday_12,0,0,,0,2024-07-25 09:30:00,39.8265,-121.82312,6.25
Mayday_12,0,0,,0,2024-07-25 09:30:00,39.82601,-121.8176,6.25
Mayday_12,0,0,,0,2024-07-25 09:30:00,39.8255,-121.81196,4.51
Mayday_12,0,0,,0,2024-07-25 09:30:00,39.82501,-121.80647,4.51
Mayday_12,0,0,,0,2024-07-25 09:30:00,39.82451,-121.80087,2.7
Mayday_12,0,0,,0,2024-07-25 09:30:00,39.82401,-121.79525,2.7
Mayday_12,0,0,,0,2024-07-25 09:30:00,39.82254,-121.77882,3.83
Mayday_12,0,0,,0,2024-07-25 09:30:00,39.82002,-121.75079,5.23
Mayday_12,0,0,,0,2024-07-25 09:30:00,39.81952,-121.74528,85.46
Mayday_12,0,0,,0,2024-07-25 09:30:00,39.81903,-121.73985,85.46
Mayday_12,0,0,,0,2024-07-25 09:30:00,39.82352,-121.78981,3.27
Mayday_12,0,0,,0,2024-07-25 09:30:00,39.82051,-121.75632,5.23
Mayday_12,0,0,,0,2024-07-25 09:30:00,39.8222,-121.82388,6.25
Mayday_12,0,0,,0,2024-07-25 09:30:00,39.8217,-121.81831,6.25
Mayday_12,0,0,,0,2024-07-25 09:30:00,39.82119,-121.81258,4.51
Mayday_12,0,0,,0,2024-07-25 09:30:00,39.8207,-121.80715,4.51
Mayday_12,0,0,,0,2024-07-25 09:30:00,39.81924,-121.79074,3.27
Mayday_12,0,0,,0,2024-07-25 09:30:00,39.81525,-121.74619,85.46
Mayday_12,0,0,,0,2024-07-25 09:30:00,39.81476,-121.74069,85.46
Mayday_12,0,0,,0,2024-07-25 09:30:00,39.8143,-121.73556,79.01
Mayday_12,0,0,,0,2024-07-25 09:30:00,39.82267,-121.82924,7.16
Mayday_12,0,0,,0,2024-07-25 09:30:00,39.82022,-121.80171,2.7
Mayday_12,0,0,,0,2024-07-25 09:30:00,39.81972,-121.79617,2.7
Mayday_12,0,0,,0,2024-07-25 09:30:00,39.81875,-121.78525,3.27
Mayday_12,0,0,,0,2024-07-25 09:30:00,39.81825,-121.7797,3.83
Mayday_12,0,0,,0,2024-07-25 09:30:00,39.81575,-121.75179,5.23
Mayday_12,0,0,,0,2024-07-25 09:30:00,39.81788,-121.82459,10.67
Mayday_12,0,0,,0,2024-07-25 09:30:00,39.81739,-121.81905,10.67
Mayday_12,0,0,,0,2024-07-25 09:30:00,39.81688,-121.81339,6.96
Mayday_12,0,0,,0,2024-07-25 09:30:00,39.8164,-121.8079,6.96
Mayday_12,0,0,,0,2024-07-25 09:30:00,39.81591,-121.80247,3.43
Mayday_12,0,0,,0,2024-07-25 09:30:00,39.81002,-121.7364,9.48
Mayday_12,0,0,,0,2024-07-25 09:30:00,39.81542,-121.79694,3.43
Mayday_12,0,0,,0,2024-07-25 09:30:00,39.81493,-121.79147,2.72
Mayday_12,0,0,,0,2024-07-25 09:30:00,39.81346,-121.77494,2.97
Mayday_12,0,0,,0,2024-07-25 09:30:00,39.81098,-121.74719,2.59
Mayday_12,0,0,,0,2024-07-25 09:30:00,39.81049,-121.74168,2.59
Mayday_12,0,0,,0,2024-07-25 09:30:00,39.81356,-121.82528,10.67
Mayday_12,0,0,,0,2024-07-25 09:30:00,39.81308,-121.81977,10.67
Mayday_12,0,0,,0,2024-07-25 09:30:00,39.81259,-121.81425,6.96
Mayday_12,0,0,,0,2024-07-25 09:30:00,39.81209,-121.80871,6.96
Mayday_12,0,0,,0,2024-07-25 09:30:00,39.8116,-121.80318,3.43
Mayday_12,0,0,,0,2024-07-25 09:30:00,39.81113,-121.79776,3.43
Mayday_12,0,0,,0,2024-07-25 09:30:00,39.80575,-121.73736,9.48
Mayday_12,0,0,,0,2024-07-25 09:30:00,39.81064,-121.79226,2.72
Mayday_12,0,0,,0,2024-07-25 09:30:00,39.81015,-121.78677,2.72
Mayday_12,0,0,,0,2024-07-25 09:30:00,39.80918,-121.77588,2.97
Mayday_12,0,0,,0,2024-07-25 09:30:00,39.80869,-121.77038,5.31
Mayday_12,0,0,,0,2024-07-25 09:30:00,39.8072,-121.75362,5.76
Mayday_12,0,0,,0,2024-07-25 09:30:00,39.80623,-121.74282,2.59
Mayday_12,0,0,,0,2024-07-25 09:30:00,39.80877,-121.82051,4.93
Mayday_12,0,0,,0,2024-07-25 09:30:00,39.80828,-121.81506,9.8
Mayday_12,0,0,,0,2024-07-25 09:30:00,39.8078,-121.80959,9.8
Mayday_12,0,0,,0,2024-07-25 09:30:00,39.80732,-121.80408,6.13
Mayday_12,0,0,,0,2024-07-25 09:30:00,39.80684,-121.79869,6.13
Mayday_12,0,0,,0,2024-07-25 09:30:00,39.80635,-121.79314,4.09
Mayday_12,0,0,,0,2024-07-25 09:30:00,39.8015,-121.73856,19.17
Mayday_12,0,0,,0,2024-07-25 09:30:00,39.80586,-121.78766,4.09
Mayday_12,0,0,,0,2024-07-25 09:30:00,39.80537,-121.7822,2.04
Mayday_12,0,0,,0,2024-07-25 09:30:00,39.8049,-121.77679,2.04
Mayday_12,0,0,,0,2024-07-25 09:30:00,39.80196,-121.74377,9.99
Mayday_12,0,0,,0,2024-07-25 09:30:00,39.8035,-121.81042,9.8
Mayday_12,0,0,,0,2024-07-25 09:30:00,39.80302,-121.80496,6.13
Mayday_12,0,0,,0,2024-07-25 09:30:00,39.80254,-121.79946,6.13
Mayday_12,0,0,,0,2024-07-25 09:30:00,39.80205,-121.79392,4.09
Mayday_12,0,0,,0,2024-07-25 09:30:00,39.80157,-121.78851,4.09
Mayday_12,0,0,,0,2024-07-25 09:30:00,39.79768,-121.7446,9.99
Mayday_12,0,0,,0,2024-07-25 09:30:00,39.79725,-121.73964,19.17
Mayday_12,0,0,,0,2024-07-25 09:30:00,39.80109,-121.78303,2.04
Mayday_12,0,0,,0,2024-07-25 09:30:00,39.7987,-121.80553,10.18
Mayday_12,0,0,,0,2024-07-25 09:30:00,39.79822,-121.8,10.18
Mayday_12,0,0,,0,2024-07-25 09:30:00,39.79775,-121.79468,27.82
Mayday_12,0,0,,0,2024-07-25 09:30:00,39.79727,-121.78931,27.82
Mayday_12,0,0,,0,2024-07-25 09:30:00,39.79341,-121.74551,5.21
Mayday_12,0,0,,0,2024-07-25 09:30:00,39.7963,-121.77824,4.41
Mayday_12,0,0,,0,2024-07-25 09:30:00,39.79345,-121.79548,27.82
Mayday_12,0,0,,0,2024-07-25 09:30:00,39.79298,-121.79015,27.82
Mayday_12,0,0,,0,2024-07-25 09:30:00,39.78914,-121.74652,5.21
Mayday_12,0,0,,0,2024-07-25 09:30:00,39.7896,-121.75169,5.21
Mayday_12,0,0,,0,2024-07-25 09:30:00,39.78915,-121.79629,7.71
Mayday_12,0,0,,0,2024-07-25 09:30:00,39.78869,-121.79103,7.71
Mayday_12,0,0,,0,2024-07-25 09:30:00,39.78532,-121.75258,9.94
Mayday_12,0,0,,0,2024-07-25 09:30:00,39.78488,-121.74759,9.94
Mayday_12,0,0,,0,2024-07-25 09:30:00,39.78152,-121.75896,6.74
Mayday_12,0,0,,0,2024-07-25 09:30:00,39.78107,-121.75391,9.94
Mayday_12,0,0,,0,2024-07-25 09:30:00,39.78198,-121.76425,6.74
Mayday_12,1,1,ABI_G18_20242070931175_groups.csv,2,2024-07-25 09:31:55,39.8274,-121.7537,8178.78
Mayday_12,1,1,ABI_G18_20242070936175_groups.csv,1,2024-07-25 09:36:55,39.8247,-121.7566,10629.58
Mayday_12,1,1,ABI_G18_20242070941175_groups.csv,2,2024-07-25 09:41:55,39.8275,-121.7553,6986.32
Mayday_12,1,1,ABI_G18_20242070946175_groups.csv,2,2024-07-25 09:46:55,39.8324,-121.7559,4989.2
Mayday_12,1,1,ABI_G18_20242070951175_groups.csv,4,2024-07-25 09:51:55,39.8567,-121.8439,1332.93
Mayday_12,1,1,ABI_G18_20242070951175_groups.csv,3,2024-07-25 09:51:55,39.8231,-121.7631,2324.48
Mayday_12,1,1,ABI_G18_20242070956175_groups.csv,3,2024-07-25 09:56:55,39.8243,-121.76,1371.49
Mayday_12,1,1,ABI_G18_20242071001175_groups.csv,3,2024-07-25 10:01:55,39.8541,-121.8292,1060.94
Mayday_12,1,1,ABI_G18_20242071001175_groups.csv,4,2024-07-25 10:01:55,39.822,-121.7474,802.29
Mayday_12,1,1,ABI_G18_20242071006175_groups.csv,4,2024-07-25 10:06:55,39.8259,-121.7535,906.65
Mayday_12,1,1,ABI_G18_20242071011175_groups.csv,3,2024-07-25 10:11:54,39.8608,-121.8397,953.87
Mayday_12,1,1,ABI_G18_20242071011175_groups.csv,4,2024-07-25 10:11:55,39.8256,-121.7675,776.36
Mayday_12,1,1,ABI_G18_20242071016175_groups.csv,3,2024-07-25 10:16:55,39.8252,-121.7676,615.76
Mayday_12,0,0,,0,2024-07-25 10:20:00,39.88503,-121.77095,2.69
Mayday_12,0,0,,0,2024-07-25 10:20:00,39.88397,-121.76565,8.32
Mayday_12,0,0,,0,2024-07-25 10:20:00,39.88359,-121.78308,5.43
Mayday_12,0,0,,0,2024-07-25 10:20:00,39.87961,-121.80186,2.26
Mayday_12,0,0,,0,2024-07-25 10:20:00,39.87854,-121.79655,2.26
Mayday_12,0,0,,0,2024-07-25 10:20:00,39.87709,-121.80861,2.72
Mayday_12,0,0,,0,2024-07-25 10:20:00,39.87596,-121.80297,2.26
Mayday_12,0,0,,0,2024-07-25 10:20:00,39.8749,-121.79772,2.26
Mayday_12,0,0,,0,2024-07-25 10:20:00,39.87383,-121.7924,5.04
Mayday_12,0,0,,0,2024-07-25 10:20:00,39.87347,-121.80987,4.61
Mayday_12,0,0,,0,2024-07-25 10:20:00,39.87231,-121.80408,3.23
Mayday_12,0,0,,0,2024-07-25 10:20:00,39.87126,-121.79887,3.23
Mayday_12,0,0,,0,2024-07-25 10:20:00,39.86234,-121.75462,3.65
Mayday_12,0,0,,0,2024-07-25 10:20:00,39.80799,-121.73595,4.86
Mayday_12,0,0,,0,2024-07-25 10:20:00,39.82271,-121.80813,2.57
Mayday_12,0,0,,0,2024-07-25 10:20:00,39.82383,-121.81367,3.69
Mayday_12,0,0,,0,2024-07-25 10:20:00,39.82495,-121.81917,3.69
Mayday_12,0,0,,0,2024-07-25 10:20:00,39.82607,-121.82466,5.04
Mayday_12,0,0,,0,2024-07-25 10:20:00,39.8272,-121.83023,5.04
Mayday_12,0,0,,0,2024-07-25 10:20:00,39.82835,-121.83589,4.71
Mayday_12,0,0,,0,2024-07-25 10:20:00,39.81285,-121.74069,4.86
Mayday_12,0,0,,0,2024-07-25 10:20:00,39.814,-121.74629,5.56
Mayday_12,0,0,,0,2024-07-25 10:20:00,39.82071,-121.77923,2.34
Mayday_12,0,0,,0,2024-07-25 10:20:00,39.82298,-121.7904,2.04
Mayday_12,0,0,,0,2024-07-25 10:20:00,39.82524,-121.80154,2.57
Mayday_12,0,0,,0,2024-07-25 10:20:00,39.81165,-121.7348,4.86
Mayday_12,0,0,,0,2024-07-25 10:20:00,39.82412,-121.79597,2.04
Mayday_12,0,0,,0,2024-07-25 10:20:00,39.82635,-121.80697,2.57
Mayday_12,0,0,,0,2024-07-25 10:20:00,39.82746,-121.81243,3.69
Mayday_12,0,0,,0,2024-07-25 10:20:00,39.82859,-121.81798,3.69
Mayday_12,0,0,,0,2024-07-25 10:20:00,39.82971,-121.82352,5.04
Mayday_12,0,0,,0,2024-07-25 10:20:00,39.83085,-121.82912,5.04
Mayday_12,0,0,,0,2024-07-25 10:20:00,39.83199,-121.83474,4.71
Mayday_12,0,0,,0,2024-07-25 10:20:00,39.83312,-121.84028,4.71
Mayday_12,0,0,,0,2024-07-25 10:20:00,39.82439,-121.77823,5.85
Mayday_12,0,0,,0,2024-07-25 10:20:00,39.85719,-121.84438,5.45
Mayday_12,0,0,,0,2024-07-25 10:20:00,39.85604,-121.83871,5.45
Mayday_12,0,0,,0,2024-07-25 10:20:00,39.85492,-121.83313,5.74
Mayday_12,0,0,,0,2024-07-25 10:20:00,39.85379,-121.82756,5.74
Mayday_12,0,0,,0,2024-07-25 10:20:00,39.85266,-121.82201,3.9
Mayday_12,0,0,,0,2024-07-25 10:20:00,39.85157,-121.8166,3.9
Mayday_12,0,0,,0,2024-07-25 10:20:00,39.85049,-121.81123,2.87
Mayday_12,0,0,,0,2024-07-25 10:20:00,39.8494,-121.80582,2.87
Mayday_12,0,0,,0,2024-07-25 10:20:00,39.84483,-121.78329,2.35
Mayday_12,0,0,,0,2024-07-25 10:20:00,39.84143,-121.76651,4.6
Mayday_12,0,0,,0,2024-07-25 10:20:00,39.84031,-121.76096,4.6
Mayday_12,0,0,,0,2024-07-25 10:20:00,39.846,-121.78905,2.35
Mayday_12,0,0,,0,2024-07-25 10:20:00,39.84369,-121.77766,5.83
Mayday_12,0,0,,0,2024-07-25 10:20:00,39.82778,-121.79491,3.06
Mayday_12,0,0,,0,2024-07-25 10:20:00,39.85354,-121.84549,5.45
Mayday_12,0,0,,0,2024-07-25 10:20:00,39.85241,-121.83989,5.45
Mayday_12,0,0,,0,2024-07-25 10:20:00,39.85015,-121.82876,5.74
Mayday_12,0,0,,0,2024-07-25 10:20:00,39.84904,-121.82323,3.9
Mayday_12,0,0,,0,2024-07-25 10:20:00,39.84793,-121.81779,3.9
Mayday_12,0,0,,0,2024-07-25 10:20:00,39.84685,-121.81238,2.87
Mayday_12,0,0,,0,2024-07-25 10:20:00,39.84577,-121.80704,2.87
Mayday_12,0,0,,0,2024-07-25 10:20:00,39.84117,-121.78435,2.35
Mayday_12,0,0,,0,2024-07-25 10:20:00,39.83667,-121.76221,4.6
Mayday_12,0,0,,0,2024-07-25 10:20:00,39.83555,-121.75665,12.3
Mayday_12,0,0,,0,2024-07-25 10:20:00,39.85128,-121.83427,5.74
Mayday_12,0,0,,0,2024-07-25 10:20:00,39.84464,-121.80149,6.14
Mayday_12,0,0,,0,2024-07-25 10:20:00,39.84233,-121.79012,2.35
Mayday_12,0,0,,0,2024-07-25 10:20:00,39.8499,-121.84661,4.94
Mayday_12,0,0,,0,2024-07-25 10:20:00,39.84877,-121.84104,4.94
Mayday_12,0,0,,0,2024-07-25 10:20:00,39.84763,-121.83544,6.77
Mayday_12,0,0,,0,2024-07-25 10:20:00,39.84652,-121.82993,6.77
Mayday_12,0,0,,0,2024-07-25 10:20:00,39.84542,-121.82452,3.85
Mayday_12,0,0,,0,2024-07-25 10:20:00,39.84321,-121.81357,3.97
Mayday_12,0,0,,0,2024-07-25 10:20:00,39.8421,-121.80811,3.97
Mayday_12,0,0,,0,2024-07-25 10:20:00,39.84095,-121.80241,2.6
Mayday_12,0,0,,0,2024-07-25 10:20:00,39.83978,-121.79667,2.6
Mayday_12,0,0,,0,2024-07-25 10:20:00,39.83195,-121.75806,50.05
Mayday_12,0,0,,0,2024-07-25 10:20:00,39.83081,-121.75245,50.05
Mayday_12,0,0,,0,2024-07-25 10:20:00,39.82966,-121.74677,29.22
Mayday_12,0,0,,0,2024-07-25 10:20:00,39.84431,-121.81902,3.85
Mayday_12,0,0,,0,2024-07-25 10:20:00,39.83864,-121.79105,5.57
Mayday_12,0,0,,0,2024-07-25 10:20:00,39.84626,-121.84776,4.94
Mayday_12,0,0,,0,2024-07-25 10:20:00,39.84513,-121.84219,4.94
Mayday_12,0,0,,0,2024-07-25 10:20:00,39.84401,-121.83664,6.77
Mayday_12,0,0,,0,2024-07-25 10:20:00,39.84288,-121.83112,6.77
Mayday_12,0,0,,0,2024-07-25 10:20:00,39.84179,-121.82567,3.85
Mayday_12,0,0,,0,2024-07-25 10:20:00,39.83955,-121.81469,3.97
Mayday_12,0,0,,0,2024-07-25 10:20:00,39.83844,-121.80918,3.97
Mayday_12,0,0,,0,2024-07-25 10:20:00,39.8373,-121.80357,2.6
Mayday_12,0,0,,0,2024-07-25 10:20:00,39.83613,-121.79782,2.6
Mayday_12,0,0,,0,2024-07-25 10:20:00,39.8272,-121.75381,50.05
Mayday_12,0,0,,0,2024-07-25 10:20:00,39.82606,-121.74821,29.22
Mayday_12,0,0,,0,2024-07-25 10:20:00,39.82494,-121.74268,29.22
Mayday_12,0,0,,0,2024-07-25 10:20:00,39.82381,-121.73717,5.07
Mayday_12,0,0,,0,2024-07-25 10:20:00,39.84738,-121.85333,3.21
Mayday_12,0,0,,0,2024-07-25 10:20:00,39.84068,-121.82022,3.85
Mayday_12,0,0,,0,2024-07-25 10:20:00,39.8415,-121.84341,6.15
Mayday_12,0,0,,0,2024-07-25 10:20:00,39.84039,-121.8379,6.67
Mayday_12,0,0,,0,2024-07-25 10:20:00,39.83927,-121.83238,6.67
Mayday_12,0,0,,0,2024-07-25 10:20:00,39.83815,-121.8269,2.7
Mayday_12,0,0,,0,2024-07-25 10:20:00,39.8359,-121.81578,4.02
Mayday_12,0,0,,0,2024-07-25 10:20:00,39.83478,-121.81026,4.02
Mayday_12,0,0,,0,2024-07-25 10:20:00,39.83365,-121.8047,3.26
Mayday_12,0,0,,0,2024-07-25 10:20:00,39.83253,-121.79916,3.26
Mayday_12,0,0,,0,2024-07-25 10:20:00,39.82244,-121.74953,16.29
Mayday_12,0,0,,0,2024-07-25 10:20:00,39.82132,-121.74403,16.29
Mayday_12,0,0,,0,2024-07-25 10:20:00,39.82019,-121.73849,18.32
Mayday_12,0,0,,0,2024-07-25 10:20:00,39.81897,-121.7325,18.32
Mayday_12,0,0,,0,2024-07-25 10:20:00,39.83704,-121.8214,2.7
Mayday_12,0,0,,0,2024-07-25 10:20:00,39.83141,-121.79368,3.06
Mayday_12,0,0,,0,2024-07-25 10:20:00,39.82357,-121.7551,4.71
Mayday_12,0,0,,0,2024-07-25 10:20:00,39.83786,-121.84457,6.15
Mayday_12,0,0,,0,2024-07-25 10:20:00,39.83675,-121.83907,6.67
Mayday_12,0,0,,0,2024-07-25 10:20:00,39.83562,-121.83353,6.67
Mayday_12,0,0,,0,2024-07-25 10:20:00,39.83451,-121.82802,2.7
Mayday_12,0,0,,0,2024-07-25 10:20:00,39.83338,-121.82247,2.7
Mayday_12,0,0,,0,2024-07-25 10:20:00,39.83223,-121.8168,4.02
Mayday_12,0,0,,0,2024-07-25 10:20:00,39.83112,-121.81133,4.02
Mayday_12,0,0,,0,2024-07-25 10:20:00,39.83001,-121.80586,3.26
Mayday_12,0,0,,0,2024-07-25 10:20:00,39.82891,-121.80048,3.26
Mayday_12,0,0,,0,2024-07-25 10:20:00,39.81767,-121.74519,16.29
Mayday_12,0,0,,0,2024-07-25 10:20:00,39.81653,-121.73962,18.32
Mayday_12,0,0,,0,2024-07-25 10:20:00,39.81532,-121.73371,18.32
Mayday_12,0,0,,0,2024-07-25 10:20:00,39.84511,-121.76546,3.72
Mayday_12,0,0,,0,2024-07-25 10:20:00,39.84853,-121.78234,2.74
Mayday_12,0,0,,0,2024-07-25 10:20:00,39.84967,-121.78802,2.74
Mayday_12,0,0,,0,2024-07-25 10:20:00,39.85301,-121.80453,2.83
Mayday_12,0,0,,0,2024-07-25 10:20:00,39.84397,-121.75983,3.72
Mayday_12,0,0,,0,2024-07-25 10:20:00,39.85411,-121.80996,2.83
Mayday_12,0,0,,0,2024-07-25 10:20:00,39.8552,-121.81536,3.45
Mayday_12,0,0,,0,2024-07-25 10:20:00,39.85629,-121.82077,3.45
Mayday_12,0,0,,0,2024-07-25 10:20:00,39.85744,-121.82645,12.53
Mayday_12,0,0,,0,2024-07-25 10:20:00,39.85856,-121.83199,12.53
Mayday_12,0,0,,0,2024-07-25 10:20:00,39.85968,-121.83757,6.48
Mayday_12,0,0,,0,2024-07-25 10:20:00,39.84878,-121.7644,3.72
Mayday_12,0,0,,0,2024-07-25 10:20:00,39.85997,-121.8198,3.45
Mayday_12,0,0,,0,2024-07-25 10:20:00,39.84763,-121.75871,3.72
Mayday_12,0,0,,0,2024-07-25 10:20:00,39.85336,-121.78706,2.74
Mayday_12,0,0,,0,2024-07-25 10:20:00,39.85448,-121.79261,7.03
Mayday_12,0,0,,0,2024-07-25 10:20:00,39.85666,-121.80337,2.83
Mayday_12,0,0,,0,2024-07-25 10:20:00,39.85775,-121.80878,2.83
Mayday_12,0,0,,0,2024-07-25 10:20:00,39.85884,-121.81419,3.45
Mayday_12,0,0,,0,2024-07-25 10:20:00,39.86108,-121.82528,12.53
Mayday_12,0,0,,0,2024-07-25 10:20:00,39.86221,-121.83088,12.53
Mayday_12,0,0,,0,2024-07-25 10:20:00,39.85923,-121.79689,3.66
Mayday_12,0,0,,0,2024-07-25 10:20:00,39.86031,-121.80225,3.75
Mayday_12,0,0,,0,2024-07-25 10:20:00,39.8513,-121.75763,5.68
Mayday_12,0,0,,0,2024-07-25 10:20:00,39.86139,-121.80759,3.75
Mayday_12,0,0,,0,2024-07-25 10:20:00,39.86249,-121.81308,4.47
Mayday_12,0,0,,0,2024-07-25 10:20:00,39.86362,-121.81868,4.47
Mayday_12,0,0,,0,2024-07-25 10:20:00,39.86474,-121.82421,4.31
Mayday_12,0,0,,0,2024-07-25 10:20:00,39.86586,-121.82977,4.31
Mayday_12,0,0,,0,2024-07-25 10:20:00,39.86066,-121.78477,5.17
Mayday_12,0,0,,0,2024-07-25 10:20:00,39.86288,-121.79578,3.66
Mayday_12,0,0,,0,2024-07-25 10:20:00,39.86395,-121.80109,3.75
Mayday_12,0,0,,0,2024-07-25 10:20:00,39.86503,-121.80643,3.75
Mayday_12,0,0,,0,2024-07-25 10:20:00,39.86616,-121.81205,4.47
Mayday_12,0,0,,0,2024-07-25 10:20:00,39.86729,-121.81768,4.47
Mayday_12,0,0,,0,2024-07-25 10:20:00,39.86839,-121.82314,4.31
Mayday_12,0,0,,0,2024-07-25 10:20:00,39.85979,-121.76121,3.65
Mayday_12,0,0,,0,2024-07-25 10:20:00,39.86543,-121.78915,2.37
Mayday_12,0,0,,0,2024-07-25 10:20:00,39.86653,-121.79463,2.37
Mayday_12,0,0,,0,2024-07-25 10:20:00,39.86761,-121.80002,3.23
Mayday_12,0,0,,0,2024-07-25 10:20:00,39.86867,-121.80527,3.23
Mayday_12,0,0,,0,2024-07-25 10:20:00,39.86982,-121.81096,4.61
Mayday_12,0,0,,0,2024-07-25 10:20:00,39.87096,-121.81666,4.61
Mayday_12,0,0,,0,2024-07-25 10:20:00,39.87019,-121.79357,2.37
Mayday_12,0,0,,0,2024-07-25 10:20:00,39.78613,-121.79164,2.23
Mayday_12,0,0,,0,2024-07-25 10:20:00,39.78725,-121.7972,2.93
Mayday_12,0,0,,0,2024-07-25 10:20:00,39.77939,-121.75803,5
Mayday_12,0,0,,0,2024-07-25 10:20:00,39.78056,-121.76385,4.4
Mayday_12,0,0,,0,2024-07-25 10:20:00,39.78308,-121.75704,5
Mayday_12,0,0,,0,2024-07-25 10:20:00,39.78978,-121.79048,2.23
Mayday_12,0,0,,0,2024-07-25 10:20:00,39.78193,-121.7513,5
Mayday_12,0,0,,0,2024-07-25 10:20:00,39.7909,-121.79611,2.93
Mayday_12,0,0,,0,2024-07-25 10:20:00,39.79344,-121.78936,3.95
Mayday_12,0,0,,0,2024-07-25 10:20:00,39.78561,-121.75025,9.14
Mayday_12,0,0,,0,2024-07-25 10:20:00,39.79458,-121.79507,10.85
Mayday_12,0,0,,0,2024-07-25 10:20:00,39.78812,-121.74337,4.88
Mayday_12,0,0,,0,2024-07-25 10:20:00,39.78929,-121.74923,9.14
Mayday_12,0,0,,0,2024-07-25 10:20:00,39.7971,-121.78825,3.95
Mayday_12,0,0,,0,2024-07-25 10:20:00,39.79822,-121.79387,10.85
Mayday_12,0,0,,0,2024-07-25 10:20:00,39.79934,-121.79946,10.85
Mayday_12,0,0,,0,2024-07-25 10:20:00,39.80044,-121.80499,8.1
Mayday_12,0,0,,0,2024-07-25 10:20:00,39.80156,-121.81056,8.1
Mayday_12,0,0,,0,2024-07-25 10:20:00,39.79964,-121.78151,1.91
Mayday_12,0,0,,0,2024-07-25 10:20:00,39.79178,-121.74225,3.39
Mayday_12,0,0,,0,2024-07-25 10:20:00,39.80074,-121.78706,1.91
Mayday_12,0,0,,0,2024-07-25 10:20:00,39.80187,-121.79271,3.89
Mayday_12,0,0,,0,2024-07-25 10:20:00,39.80297,-121.79824,3.89
Mayday_12,0,0,,0,2024-07-25 10:20:00,39.80407,-121.80373,4.02
Mayday_12,0,0,,0,2024-07-25 10:20:00,39.8052,-121.80939,4.02
Mayday_12,0,0,,0,2024-07-25 10:20:00,39.80631,-121.81496,8.12
Mayday_12,0,0,,0,2024-07-25 10:20:00,39.79664,-121.74709,4.21
Mayday_12,0,0,,0,2024-07-25 10:20:00,39.80329,-121.78037,1.91
Mayday_12,0,0,,0,2024-07-25 10:20:00,39.8044,-121.78595,1.91
Mayday_12,0,0,,0,2024-07-25 10:20:00,39.79546,-121.74117,3.39
Mayday_12,0,0,,0,2024-07-25 10:20:00,39.80553,-121.79159,3.89
Mayday_12,0,0,,0,2024-07-25 10:20:00,39.80663,-121.79712,3.89
Mayday_12,0,0,,0,2024-07-25 10:20:00,39.80773,-121.80265,4.02
Mayday_12,0,0,,0,2024-07-25 10:20:00,39.80886,-121.80828,4.02
Mayday_12,0,0,,0,2024-07-25 10:20:00,39.80996,-121.81386,8.12
Mayday_12,0,0,,0,2024-07-25 10:20:00,39.81107,-121.81939,8.12
Mayday_12,0,0,,0,2024-07-25 10:20:00,39.80696,-121.7793,2.44
Mayday_12,0,0,,0,2024-07-25 10:20:00,39.80807,-121.78485,2.44
Mayday_12,0,0,,0,2024-07-25 10:20:00,39.8103,-121.79604,2.23
Mayday_12,0,0,,0,2024-07-25 10:20:00,39.8114,-121.80159,3.28
Mayday_12,0,0,,0,2024-07-25 10:20:00,39.79914,-121.74017,13.36
Mayday_12,0,0,,0,2024-07-25 10:20:00,39.80917,-121.79041,2.23
Mayday_12,0,0,,0,2024-07-25 10:20:00,39.8125,-121.80711,3.28
Mayday_12,0,0,,0,2024-07-25 10:20:00,39.81362,-121.81274,6.13
Mayday_12,0,0,,0,2024-07-25 10:20:00,39.81471,-121.81824,6.13
Mayday_12,0,0,,0,2024-07-25 10:20:00,39.81581,-121.82375,6.9
Mayday_12,0,0,,0,2024-07-25 10:20:00,39.80839,-121.76703,2.52
Mayday_12,0,0,,0,2024-07-25 10:20:00,39.8095,-121.77258,2.52
Mayday_12,0,0,,0,2024-07-25 10:20:00,39.81283,-121.78931,2.23
Mayday_12,0,0,,0,2024-07-25 10:20:00,39.80282,-121.73909,13.36
Mayday_12,0,0,,0,2024-07-25 10:20:00,39.81395,-121.79492,2.23
Mayday_12,0,0,,0,2024-07-25 10:20:00,39.81505,-121.80045,3.28
Mayday_12,0,0,,0,2024-07-25 10:20:00,39.81615,-121.806,3.28
Mayday_12,0,0,,0,2024-07-25 10:20:00,39.81727,-121.81161,6.13
Mayday_12,0,0,,0,2024-07-25 10:20:00,39.81836,-121.81709,6.13
Mayday_12,0,0,,0,2024-07-25 10:20:00,39.81945,-121.82257,6.9
Mayday_12,0,0,,0,2024-07-25 10:20:00,39.82056,-121.82817,6.9
Mayday_12,0,0,,0,2024-07-25 10:20:00,39.8053,-121.732,3.41
Mayday_12,0,0,,0,2024-07-25 10:20:00,39.81429,-121.77715,2.06
Mayday_12,0,0,,0,2024-07-25 10:20:00,39.81648,-121.78815,1.99
Mayday_12,0,0,,0,2024-07-25 10:20:00,39.81759,-121.79373,1.99
Mayday_12,0,0,,0,2024-07-25 10:20:00,39.8187,-121.79933,2.15
Mayday_12,0,0,,0,2024-07-25 10:20:00,39.8198,-121.80486,2.15
Mayday_12,0,0,,0,2024-07-25 10:20:00,39.82419,-121.82696,3.69
Mayday_12,0,0,,0,2024-07-25 10:20:00,39.80652,-121.73817,3.41
Mayday_12,0,0,,0,2024-07-25 10:20:00,39.82091,-121.81042,3.32
Mayday_12,0,0,,0,2024-07-25 10:20:00,39.82201,-121.816,3.32
Mayday_12,0,0,,0,2024-07-25 10:20:00,39.82309,-121.82143,3.69
Mayday_12,0,0,,0,2024-07-25 10:20:00,39.81244,-121.74834,4.8
Mayday_12,0,0,,0,2024-07-25 10:20:00,39.81793,-121.77595,2.06
Mayday_12,0,0,,0,2024-07-25 10:20:00,39.81903,-121.78146,2.06
Mayday_12,0,0,,0,2024-07-25 10:20:00,39.82013,-121.78697,1.99
Mayday_12,0,0,,0,2024-07-25 10:20:00,39.82124,-121.79257,1.99
Mayday_12,0,0,,0,2024-07-25 10:20:00,39.82236,-121.79823,2.15
Mayday_12,0,0,,0,2024-07-25 10:20:00,39.83008,-121.83709,5.86
Mayday_12,0,0,,0,2024-07-25 10:20:00,39.80897,-121.73093,3.41
Mayday_12,0,0,,0,2024-07-25 10:20:00,39.81018,-121.73705,3.41
Mayday_12,0,0,,0,2024-07-25 10:20:00,39.82345,-121.8037,2.15
Mayday_12,0,0,,0,2024-07-25 10:20:00,39.82455,-121.80923,3.32
Mayday_12,0,0,,0,2024-07-25 10:20:00,39.82565,-121.81477,3.32
Mayday_12,0,0,,0,2024-07-25 10:20:00,39.82673,-121.82025,3.69
Mayday_12,0,0,,0,2024-07-25 10:20:00,39.82784,-121.82584,3.69
Mayday_12,0,0,,0,2024-07-25 10:20:00,39.82897,-121.83149,5.86
Mayday_12,0,0,,0,2024-07-25 10:20:00,39.8216,-121.77489,3.05
Mayday_12,0,0,,0,2024-07-25 10:20:00,39.8227,-121.78044,3.05
Mayday_12,0,0,,0,2024-07-25 10:20:00,39.82491,-121.7915,2.98
Mayday_12,0,0,,0,2024-07-25 10:20:00,39.82602,-121.79716,2.49
Mayday_12,0,0,,0,2024-07-25 10:20:00,39.81386,-121.73598,17.52
Mayday_12,0,0,,0,2024-07-25 10:20:00,39.815,-121.74173,7.63
Mayday_12,0,0,,0,2024-07-25 10:20:00,39.81611,-121.74731,7.63
Mayday_12,0,0,,0,2024-07-25 10:20:00,39.82711,-121.80264,2.49
Mayday_12,0,0,,0,2024-07-25 10:20:00,39.82819,-121.80807,4.1
Mayday_12,0,0,,0,2024-07-25 10:20:00,39.82928,-121.81355,4.1
Mayday_12,0,0,,0,2024-07-25 10:20:00,39.83038,-121.81913,3.73
Mayday_12,0,0,,0,2024-07-25 10:20:00,39.83149,-121.82468,3.73
Mayday_12,0,0,,0,2024-07-25 10:20:00,39.8326,-121.8303,4.87
Mayday_12,0,0,,0,2024-07-25 10:20:00,39.83371,-121.83591,4.87
Mayday_12,0,0,,0,2024-07-25 10:20:00,39.8348,-121.84141,7.35
Mayday_12,0,0,,0,2024-07-25 10:20:00,39.82748,-121.78495,2.98
Mayday_12,0,0,,0,2024-07-25 10:20:00,39.82967,-121.79601,2.49
Mayday_12,0,0,,0,2024-07-25 10:20:00,39.83514,-121.82362,3.73
Mayday_12,0,0,,0,2024-07-25 10:20:00,39.83953,-121.84576,7.35
Mayday_12,0,0,,0,2024-07-25 10:20:00,39.81751,-121.7348,17.52
Mayday_12,0,0,,0,2024-07-25 10:20:00,39.81867,-121.74062,7.63
Mayday_12,0,0,,0,2024-07-25 10:20:00,39.81978,-121.74621,7.63
Mayday_12,0,0,,0,2024-07-25 10:20:00,39.82088,-121.75175,5.35
Mayday_12,0,0,,0,2024-07-25 10:20:00,39.83075,-121.80145,2.49
Mayday_12,0,0,,0,2024-07-25 10:20:00,39.83184,-121.80695,4.1
Mayday_12,0,0,,0,2024-07-25 10:20:00,39.83294,-121.81246,4.1
Mayday_12,0,0,,0,2024-07-25 10:20:00,39.83405,-121.81809,3.73
Mayday_12,0,0,,0,2024-07-25 10:20:00,39.83625,-121.82917,4.87
Mayday_12,0,0,,0,2024-07-25 10:20:00,39.83735,-121.83475,4.87
Mayday_12,0,0,,0,2024-07-25 10:20:00,39.83844,-121.84025,7.35
Mayday_12,0,0,,0,2024-07-25 10:20:00,39.81707,-121.78047,2.34
Mayday_12,0,0,,0,2024-07-25 10:20:00,39.81819,-121.78595,2.34
Mayday_12,0,0,,0,2024-07-25 10:20:00,39.82045,-121.79704,2.04
Mayday_12,0,0,,0,2024-07-25 10:20:00,39.82158,-121.8026,2.57
Mayday_12,0,0,,0,2024-07-25 10:20:00,39.81932,-121.79148,2.04
Mayday_12,1,1,ABI_G18_20242071021175_groups.csv,4,2024-07-25 10:21:55,39.8412,-121.7641,228.62
Mayday_12,1,1,ABI_G18_20242071026175_groups.csv,2,2024-07-25 10:26:55,39.8607,-121.8385,803.39
Mayday_12,1,1,ABI_G18_20242071026175_groups.csv,4,2024-07-25 10:26:55,39.8416,-121.7639,240.24
Mayday_12,1,1,ABI_G18_20242071031175_groups.csv,3,2024-07-25 10:31:55,39.8416,-121.7511,85.07
Mayday_12,0,0,,0,2024-07-25 10:32:00,39.8784,-121.8029,11.2
Mayday_12,0,0,,0,2024-07-25 10:32:00,39.8701,-121.8199,26.1
Mayday_12,0,0,,0,2024-07-25 10:32:00,39.8684,-121.805,20.8
Mayday_12,0,0,,0,2024-07-25 10:32:00,39.8619,-121.8371,44
Mayday_12,0,0,,0,2024-07-25 10:32:00,39.8602,-121.8222,49.1
Mayday_12,0,0,,0,2024-07-25 10:32:00,39.8585,-121.807,15.3
Mayday_12,0,0,,0,2024-07-25 10:32:00,39.8534,-121.7621,10.9
Mayday_12,0,0,,0,2024-07-25 10:32:00,39.8519,-121.8392,32.3
Mayday_12,0,0,,0,2024-07-25 10:32:00,39.8503,-121.8243,36.2
Mayday_12,0,0,,0,2024-07-25 10:32:00,39.8486,-121.8089,17.2
Mayday_12,0,0,,0,2024-07-25 10:32:00,39.8436,-121.7645,15.1
Mayday_12,0,0,,0,2024-07-25 10:32:00,39.8419,-121.7493,19
Mayday_12,0,0,,0,2024-07-25 10:32:00,39.842,-121.8412,21.6
Mayday_12,0,0,,0,2024-07-25 10:32:00,39.8403,-121.826,24.1
Mayday_12,0,0,,0,2024-07-25 10:32:00,39.8386,-121.811,18.5
Mayday_12,0,0,,0,2024-07-25 10:32:00,39.837,-121.7963,14.2
Mayday_12,0,0,,0,2024-07-25 10:32:00,39.8336,-121.7661,48.7
Mayday_12,0,0,,0,2024-07-25 10:32:00,39.8319,-121.7513,221.6
Mayday_12,0,0,,0,2024-07-25 10:32:00,39.8303,-121.7363,49.6
Mayday_12,0,0,,0,2024-07-25 10:32:00,39.8304,-121.8281,27.1
Mayday_12,0,0,,0,2024-07-25 10:32:00,39.8287,-121.8132,21.7
Mayday_12,0,0,,0,2024-07-25 10:32:00,39.827,-121.7979,11.7
Mayday_12,0,0,,0,2024-07-25 10:32:00,39.822,-121.7528,12.3
Mayday_12,0,0,,0,2024-07-25 10:32:00,39.8203,-121.738,74
Mayday_12,0,0,,0,2024-07-25 10:32:00,39.8188,-121.7241,17.4
Mayday_12,0,0,,0,2024-07-25 10:32:00,39.8302,-121.8335,16.7
Mayday_12,0,0,,0,2024-07-25 10:32:00,39.8285,-121.8187,23.6
Mayday_12,0,0,,0,2024-07-25 10:32:00,39.8267,-121.8035,12.9
Mayday_12,0,0,,0,2024-07-25 10:32:00,39.8197,-121.7435,31.5
Mayday_12,0,0,,0,2024-07-25 10:32:00,39.8181,-121.7294,26.1
Mayday_12,0,0,,0,2024-07-25 10:32:00,39.8186,-121.8207,32.4
Mayday_12,0,0,,0,2024-07-25 10:32:00,39.8168,-121.8057,23.8
Mayday_12,0,0,,0,2024-07-25 10:32:00,39.8082,-121.7314,23.3
Mayday_12,0,0,,0,2024-07-25 10:32:00,39.8069,-121.8078,28.4
Mayday_12,0,0,,0,2024-07-25 10:32:00,39.8052,-121.7928,27.3
Mayday_12,0,0,,0,2024-07-25 10:32:00,39.8,-121.7481,11.2
Mayday_12,0,0,,0,2024-07-25 10:32:00,39.7984,-121.7337,29.7
Mayday_12,0,0,,0,2024-07-25 10:32:00,39.7953,-121.7949,24.1
Mayday_12,0,0,,0,2024-07-25 10:32:00,39.7902,-121.7503,21.6
Mayday_12,0,0,,0,2024-07-25 10:32:00,39.7885,-121.7357,13.9
Mayday_12,0,0,,0,2024-07-25 10:32:00,39.7854,-121.797,15.8
Mayday_12,0,0,,0,2024-07-25 10:32:00,39.7803,-121.7526,14.5
Mayday_12,1,1,ABI_G18_20242071036175_groups.csv,5,2024-07-25 10:36:55,39.8416,-121.7511,17.04
Mayday_12,1,1,ABI_G18_20242071041175_groups.csv,5,2024-07-25 10:41:55,39.8416,-121.7511,20.09
Mayday_12,1,1,ABI_G18_20242071051175_groups.csv,9,2024-07-25 10:51:55,39.814,-121.7583,14.89
Mayday_12,0,0,,0,2024-07-25 11:10:00,39.77651,-121.75806,3.25
Mayday_12,0,0,,0,2024-07-25 11:10:00,39.85995,-121.83965,10.41
Mayday_12,0,0,,0,2024-07-25 11:10:00,39.85757,-121.83223,10.41
Mayday_12,0,0,,0,2024-07-25 11:10:00,39.85522,-121.82489,7.12
Mayday_12,0,0,,0,2024-07-25 11:10:00,39.85298,-121.81792,7.12
Mayday_12,0,0,,0,2024-07-25 11:10:00,39.83283,-121.75535,9.86
Mayday_12,0,0,,0,2024-07-25 11:10:00,39.85099,-121.81172,4.35
Mayday_12,0,0,,0,2024-07-25 11:10:00,39.84897,-121.80548,4.35
Mayday_12,0,0,,0,2024-07-25 11:10:00,39.83501,-121.7621,11.56
Mayday_12,0,0,,0,2024-07-25 11:10:00,39.8305,-121.74809,9.86
Mayday_12,0,0,,0,2024-07-25 11:10:00,39.8535,-121.84265,10.41
Mayday_12,0,0,,0,2024-07-25 11:10:00,39.85111,-121.83521,10.41
Mayday_12,0,0,,0,2024-07-25 11:10:00,39.84672,-121.82157,7.12
Mayday_12,0,0,,0,2024-07-25 11:10:00,39.8245,-121.75263,9.86
Mayday_12,0,0,,0,2024-07-25 11:10:00,39.82231,-121.74584,15.03
Mayday_12,0,0,,0,2024-07-25 11:10:00,39.82003,-121.73879,15.03
Mayday_12,0,0,,0,2024-07-25 11:10:00,39.81681,-121.72875,8.49
Mayday_12,0,0,,0,2024-07-25 11:10:00,39.84886,-121.82822,7.12
Mayday_12,0,0,,0,2024-07-25 11:10:00,39.84461,-121.81503,4.35
Mayday_12,0,0,,0,2024-07-25 11:10:00,39.84246,-121.80835,4.35
Mayday_12,0,0,,0,2024-07-25 11:10:00,39.83998,-121.80063,5.34
Mayday_12,0,0,,0,2024-07-25 11:10:00,39.8374,-121.79261,5.34
Mayday_12,0,0,,0,2024-07-25 11:10:00,39.84704,-121.84564,8.55
Mayday_12,0,0,,0,2024-07-25 11:10:00,39.84472,-121.83842,8.55
Mayday_12,0,0,,0,2024-07-25 11:10:00,39.84251,-121.83156,5.99
Mayday_12,0,0,,0,2024-07-25 11:10:00,39.84942,-121.85302,3.99
Mayday_12,0,0,,0,2024-07-25 11:10:00,39.84035,-121.82487,5.99
Mayday_12,0,0,,0,2024-07-25 11:10:00,39.83815,-121.81804,4.94
Mayday_12,0,0,,0,2024-07-25 11:10:00,39.83586,-121.81094,4.94
Mayday_12,0,0,,0,2024-07-25 11:10:00,39.83351,-121.80363,4.11
Mayday_12,0,0,,0,2024-07-25 11:10:00,39.83133,-121.79688,4.11
Mayday_12,0,0,,0,2024-07-25 11:10:00,39.81577,-121.74866,5.06
Mayday_12,0,0,,0,2024-07-25 11:10:00,39.81349,-121.74165,5.06
Mayday_12,0,0,,0,2024-07-25 11:10:00,39.81049,-121.73232,5.55
Mayday_12,0,0,,0,2024-07-25 11:10:00,39.8384,-121.84184,8.55
Mayday_12,0,0,,0,2024-07-25 11:10:00,39.82922,-121.81339,4.94
Mayday_12,0,0,,0,2024-07-25 11:10:00,39.83619,-121.83499,5.99
Mayday_12,0,0,,0,2024-07-25 11:10:00,39.83388,-121.82783,5.99
Mayday_12,0,0,,0,2024-07-25 11:10:00,39.83149,-121.82044,4.94
Mayday_12,0,0,,0,2024-07-25 11:10:00,39.82702,-121.80657,4.11
Mayday_12,0,0,,0,2024-07-25 11:10:00,39.82484,-121.79983,4.11
Mayday_12,0,0,,0,2024-07-25 11:10:00,39.82254,-121.79269,5.22
Mayday_12,0,0,,0,2024-07-25 11:10:00,39.82017,-121.78538,5.22
Mayday_12,0,0,,0,2024-07-25 11:10:00,39.81798,-121.77859,7.58
Mayday_12,0,0,,0,2024-07-25 11:10:00,39.82739,-121.83076,7.44
Mayday_12,0,0,,0,2024-07-25 11:10:00,39.82497,-121.82327,8.17
Mayday_12,0,0,,0,2024-07-25 11:10:00,39.82978,-121.83817,7.44
Mayday_12,0,0,,0,2024-07-25 11:10:00,39.82278,-121.81647,8.17
Mayday_12,0,0,,0,2024-07-25 11:10:00,39.82058,-121.80968,5.29
Mayday_12,0,0,,0,2024-07-25 11:10:00,39.81826,-121.80251,5.29
Mayday_12,0,0,,0,2024-07-25 11:10:00,39.81601,-121.79555,3.31
Mayday_12,0,0,,0,2024-07-25 11:10:00,39.81372,-121.78844,3.31
Mayday_12,0,0,,0,2024-07-25 11:10:00,39.80911,-121.77422,4.31
Mayday_12,0,0,,0,2024-07-25 11:10:00,39.81857,-121.82645,8.17
Mayday_12,0,0,,0,2024-07-25 11:10:00,39.81627,-121.81936,8.17
Mayday_12,0,0,,0,2024-07-25 11:10:00,39.81406,-121.8125,5.29
Mayday_12,0,0,,0,2024-07-25 11:10:00,39.79052,-121.73983,5.77
Mayday_12,0,0,,0,2024-07-25 11:10:00,39.81178,-121.80547,5.29
Mayday_12,0,0,,0,2024-07-25 11:10:00,39.80947,-121.79834,3.31
Mayday_12,0,0,,0,2024-07-25 11:10:00,39.80714,-121.79114,3.31
Mayday_12,0,0,,0,2024-07-25 11:10:00,39.80479,-121.78388,4.31
Mayday_12,0,0,,0,2024-07-25 11:10:00,39.80989,-121.82262,12.18
Mayday_12,0,0,,0,2024-07-25 11:10:00,39.80751,-121.81529,10.49
Mayday_12,0,0,,0,2024-07-25 11:10:00,39.80515,-121.80801,10.49
Mayday_12,0,0,,0,2024-07-25 11:10:00,39.80288,-121.80099,8.35
Mayday_12,0,0,,0,2024-07-25 11:10:00,39.80063,-121.79404,8.35
Mayday_12,0,0,,0,2024-07-25 11:10:00,39.79822,-121.78661,9.6
Mayday_12,0,0,,0,2024-07-25 11:10:00,39.78674,-121.75121,3.14
Mayday_12,0,0,,0,2024-07-25 11:10:00,39.79881,-121.81142,10.49
Mayday_12,0,0,,0,2024-07-25 11:10:00,39.79653,-121.80437,8.35
Mayday_12,0,0,,0,2024-07-25 11:10:00,39.79417,-121.79711,8.35
Mayday_12,0,0,,0,2024-07-25 11:10:00,39.78251,-121.76119,3.14
Mayday_12,0,0,,0,2024-07-25 11:10:00,39.77979,-121.75281,3.14
Mayday_12,0,0,,0,2024-07-25 11:10:00,39.78754,-121.79964,6.34
Mayday_12,0,0,,0,2024-07-25 11:10:00,39.7852,-121.79245,3.39
Mayday_12,0,0,,0,2024-07-25 11:10:00,39.88461,-121.76883,42.15
Mayday_12,0,0,,0,2024-07-25 11:10:00,39.87375,-121.80403,5.7
Mayday_12,0,0,,0,2024-07-25 11:10:00,39.87189,-121.79834,4.13
Mayday_12,0,0,,0,2024-07-25 11:10:00,39.86988,-121.81499,5.7
Mayday_12,0,0,,0,2024-07-25 11:10:00,39.86734,-121.80721,5.7
Mayday_12,0,0,,0,2024-07-25 11:10:00,39.86527,-121.80087,4.13
Mayday_12,0,0,,0,2024-07-25 11:10:00,39.86327,-121.79475,4.13
Mayday_12,0,0,,0,2024-07-25 11:10:00,39.86549,-121.8243,9.32
Mayday_12,0,0,,0,2024-07-25 11:10:00,39.86312,-121.81705,5.68
Mayday_12,0,0,,0,2024-07-25 11:10:00,39.8608,-121.80995,5.68
Mayday_12,0,0,,0,2024-07-25 11:10:00,39.85875,-121.8037,6.75
Mayday_12,0,0,,0,2024-07-25 11:10:00,39.85457,-121.79093,8.95
Mayday_12,0,0,,0,2024-07-25 11:10:00,39.86122,-121.83401,9.32
Mayday_12,0,0,,0,2024-07-25 11:10:00,39.85886,-121.82679,9.32
Mayday_12,0,0,,0,2024-07-25 11:10:00,39.85646,-121.81947,5.68
Mayday_12,0,0,,0,2024-07-25 11:10:00,39.85435,-121.81302,5.68
Mayday_12,0,0,,0,2024-07-25 11:10:00,39.85229,-121.80672,6.75
Mayday_12,0,0,,0,2024-07-25 11:10:00,39.83585,-121.75655,6.24
Mayday_12,0,0,,0,2024-07-25 11:10:00,39.85474,-121.83694,8.18
Mayday_12,0,0,,0,2024-07-25 11:10:00,39.85239,-121.82976,8.18
Mayday_12,0,0,,0,2024-07-25 11:10:00,39.8501,-121.82276,5.83
Mayday_12,0,0,,0,2024-07-25 11:10:00,39.83002,-121.76154,15.17
Mayday_12,0,0,,0,2024-07-25 11:10:00,39.82758,-121.75414,10.5
Mayday_12,0,0,,0,2024-07-25 11:10:00,39.82526,-121.74707,10.5
Mayday_12,0,0,,0,2024-07-25 11:10:00,39.82312,-121.74054,7.93
Mayday_12,0,0,,0,2024-07-25 11:10:00,39.8204,-121.73225,7.93
Mayday_12,0,0,,0,2024-07-25 11:10:00,39.84801,-121.81638,5.83
Mayday_12,0,0,,0,2024-07-25 11:10:00,39.84594,-121.81009,5.76
Mayday_12,0,0,,0,2024-07-25 11:10:00,39.8507,-121.84731,9.04
Mayday_12,0,0,,0,2024-07-25 11:10:00,39.84829,-121.83996,8.18
Mayday_12,0,0,,0,2024-07-25 11:10:00,39.84598,-121.83291,8.18
Mayday_12,0,0,,0,2024-07-25 11:10:00,39.84377,-121.82618,5.83
Mayday_12,0,0,,0,2024-07-25 11:10:00,39.81671,-121.74379,7.93
Mayday_12,0,0,,0,2024-07-25 11:10:00,39.81411,-121.73589,7.93
Mayday_12,0,0,,0,2024-07-25 11:10:00,39.84162,-121.8196,5.83
Mayday_12,0,0,,0,2024-07-25 11:10:00,39.83938,-121.81282,5.76
Mayday_12,0,0,,0,2024-07-25 11:10:00,39.83698,-121.80548,5.76
Mayday_12,0,0,,0,2024-07-25 11:10:00,39.83452,-121.798,10.45
Mayday_12,0,0,,0,2024-07-25 11:10:00,39.81902,-121.75082,10.5
Mayday_12,0,0,,0,2024-07-25 11:10:00,39.84191,-121.84319,6.1
Mayday_12,0,0,,0,2024-07-25 11:10:00,39.83967,-121.83636,6.1
Mayday_12,0,0,,0,2024-07-25 11:10:00,39.83043,-121.80824,5.27
Mayday_12,0,0,,0,2024-07-25 11:10:00,39.84429,-121.85045,6.55
Mayday_12,0,0,,0,2024-07-25 11:10:00,39.83744,-121.82958,5.92
Mayday_12,0,0,,0,2024-07-25 11:10:00,39.83508,-121.8224,5.92
Mayday_12,0,0,,0,2024-07-25 11:10:00,39.83275,-121.8153,5.27
Mayday_12,0,0,,0,2024-07-25 11:10:00,39.82825,-121.80161,3.66
Mayday_12,0,0,,0,2024-07-25 11:10:00,39.82603,-121.79487,3.66
Mayday_12,0,0,,0,2024-07-25 11:10:00,39.82127,-121.78037,3.82
Mayday_12,0,0,,0,2024-07-25 11:10:00,39.83327,-121.83954,6.1
Mayday_12,0,0,,0,2024-07-25 11:10:00,39.83095,-121.8325,5.92
Mayday_12,0,0,,0,2024-07-25 11:10:00,39.83559,-121.84661,6.1
Mayday_12,0,0,,0,2024-07-25 11:10:00,39.82851,-121.82507,5.92
Mayday_12,0,0,,0,2024-07-25 11:10:00,39.82614,-121.81787,5.27
Mayday_12,0,0,,0,2024-07-25 11:10:00,39.82397,-121.81127,5.27
Mayday_12,0,0,,0,2024-07-25 11:10:00,39.82166,-121.80425,3.66
Mayday_12,0,0,,0,2024-07-25 11:10:00,39.81937,-121.7973,3.66
Mayday_12,0,0,,0,2024-07-25 11:10:00,39.81701,-121.79014,3.82
Mayday_12,0,0,,0,2024-07-25 11:10:00,39.81474,-121.78323,3.82
Mayday_12,0,0,,0,2024-07-25 11:10:00,39.81245,-121.77625,8.03
Mayday_12,0,0,,0,2024-07-25 11:10:00,39.81972,-121.82103,10.91
Mayday_12,0,0,,0,2024-07-25 11:10:00,39.81747,-121.81419,10.91
Mayday_12,0,0,,0,2024-07-25 11:10:00,39.81517,-121.80722,6.53
Mayday_12,0,0,,0,2024-07-25 11:10:00,39.82203,-121.82802,6.83
Mayday_12,0,0,,0,2024-07-25 11:10:00,39.81286,-121.80018,6.53
Mayday_12,0,0,,0,2024-07-25 11:10:00,39.81051,-121.79308,4.77
Mayday_12,0,0,,0,2024-07-25 11:10:00,39.79396,-121.74289,5.47
Mayday_12,0,0,,0,2024-07-25 11:10:00,39.81328,-121.82411,10.91
Mayday_12,0,0,,0,2024-07-25 11:10:00,39.81097,-121.81709,10.91
Mayday_12,0,0,,0,2024-07-25 11:10:00,39.80856,-121.8098,6.53
Mayday_12,0,0,,0,2024-07-25 11:10:00,39.80622,-121.80268,6.53
Mayday_12,0,0,,0,2024-07-25 11:10:00,39.78722,-121.74516,5.47
Mayday_12,0,0,,0,2024-07-25 11:10:00,39.81561,-121.83119,6.83
Mayday_12,0,0,,0,2024-07-25 11:10:00,39.80391,-121.79568,4.77
Mayday_12,0,0,,0,2024-07-25 11:10:00,39.80154,-121.78851,4.77
Mayday_12,0,0,,0,2024-07-25 11:10:00,39.80213,-121.81293,10.93
Mayday_12,0,0,,0,2024-07-25 11:10:00,39.79977,-121.80579,10.93
Mayday_12,0,0,,0,2024-07-25 11:10:00,39.7975,-121.7989,6.79
Mayday_12,0,0,,0,2024-07-25 11:10:00,39.80452,-121.82018,4.67
Mayday_12,0,0,,0,2024-07-25 11:10:00,39.79503,-121.79144,6.79
Mayday_12,0,0,,0,2024-07-25 11:10:00,39.78317,-121.75555,3.25
Mayday_12,0,0,,0,2024-07-25 11:10:00,39.79085,-121.8014,6.79
Mayday_12,0,0,,0,2024-07-25 11:10:00,39.78843,-121.79408,6.79
Mayday_12,1,1,ABI_G18_20242071126175_groups.csv,7,2024-07-25 11:26:55,39.814,-121.7583,50.99
Mayday_12,1,1,ABI_G18_20242071136175_groups.csv,5,2024-07-25 11:36:55,39.814,-121.7328,32.39
Mayday_12,1,1,ABI_G18_20242071141175_groups.csv,6,2024-07-25 11:41:55,39.8136,-121.7457,78.87
Mayday_12,1,1,ABI_G18_20242071156175_groups.csv,3,2024-07-25 11:56:55,39.814,-121.7583,64.7
Mayday_12,1,1,ABI_G18_20242071201175_groups.csv,3,2024-07-25 12:01:55,39.8144,-121.7468,120.5
Mayday_12,1,1,ABI_G18_20242071206175_groups.csv,3,2024-07-25 12:06:55,39.814,-121.7328,51.54
Mayday_12,1,1,ABI_G18_20242071221175_groups.csv,3,2024-07-25 12:21:55,39.8217,-121.7444,312.35
Mayday_12,1,1,ABI_G18_20242071226175_groups.csv,2,2024-07-25 12:26:55,39.8242,-121.7433,481.92
Mayday_12,1,1,ABI_G18_20242071231175_groups.csv,2,2024-07-25 12:31:55,39.8234,-121.7437,452.18
Mayday_12,1,1,ABI_G18_20242071236175_groups.csv,2,2024-07-25 12:36:55,39.8238,-121.7436,518.23
Mayday_12,1,1,ABI_G18_20242071241175_groups.csv,2,2024-07-25 12:41:55,39.8235,-121.7433,488.26
Mayday_12,1,1,ABI_G18_20242071241175_groups.csv,4,2024-07-25 12:41:55,39.8143,-121.8349,62.73
Mayday_12,1,1,ABI_G18_20242071246175_groups.csv,3,2024-07-25 12:46:55,39.8228,-121.7437,405.8
Mayday_12,1,1,ABI_G18_20242071246175_groups.csv,4,2024-07-25 12:46:55,39.8143,-121.8349,61.64
Mayday_12,1,1,ABI_G18_20242071251175_groups.csv,3,2024-07-25 12:51:55,39.8221,-121.7441,322.51
Mayday_12,1,1,ABI_G18_20242071251175_groups.csv,4,2024-07-25 12:51:55,39.8141,-121.8218,158.24
Mayday_12,1,1,ABI_G18_20242071256175_groups.csv,4,2024-07-25 12:56:55,39.8222,-121.8203,216.8
Mayday_12,1,1,ABI_G18_20242071256175_groups.csv,3,2024-07-25 12:56:55,39.8203,-121.7445,247.07
Mayday_12,1,1,ABI_G18_20242071301175_groups.csv,2,2024-07-25 13:01:55,39.8263,-121.7424,1135.75
Mayday_12,1,1,ABI_G18_20242071301175_groups.csv,4,2024-07-25 13:01:55,39.8143,-121.8349,56.82
Mayday_12,1,1,ABI_G18_20242071306175_groups.csv,3,2024-07-25 13:06:55,39.8406,-121.7388,1126.89
Mayday_12,1,1,ABI_G18_20242071306175_groups.csv,6,2024-07-25 13:06:55,39.8143,-121.8349,38.49
Mayday_12,1,1,ABI_G18_20242071311175_groups.csv,1,2024-07-25 13:11:55,39.8278,-121.7421,4645.44
Mayday_12,1,1,ABI_G18_20242071316175_groups.csv,1,2024-07-25 13:16:55,39.8273,-121.7549,1896.72
Mayday_12,1,1,ABI_G18_20242071321175_groups.csv,3,2024-07-25 13:21:55,39.853,-121.7588,1788.25
Mayday_12,1,1,ABI_G18_20242071321175_groups.csv,6,2024-07-25 13:21:55,39.8143,-121.8349,45.69
Mayday_12,1,1,ABI_G18_20242071326175_groups.csv,4,2024-07-25 13:26:55,39.8416,-121.7511,354
Mayday_12,1,1,ABI_G18_20242071326175_groups.csv,6,2024-07-25 13:26:55,39.8143,-121.8349,62.23
Mayday_12,1,1,ABI_G18_20242071331175_groups.csv,4,2024-07-25 13:31:55,39.8416,-121.7511,234.55
Mayday_12,1,1,ABI_G18_20242071331175_groups.csv,6,2024-07-25 13:31:55,39.7998,-121.8385,185.22
Mayday_12,1,1,ABI_G18_20242071336175_groups.csv,4,2024-07-25 13:36:55,39.8416,-121.7511,124.58
Mayday_12,1,1,ABI_G18_20242071336175_groups.csv,6,2024-07-25 13:36:55,39.7981,-121.839,153.23
Mayday_12,1,1,ABI_G18_20242071341175_groups.csv,5,2024-07-25 13:41:55,39.8413,-121.7616,153.3
Mayday_12,1,1,ABI_G18_20242071341175_groups.csv,6,2024-07-25 13:41:55,39.7981,-121.839,149.67
Mayday_12,1,1,ABI_G18_20242071346175_groups.csv,5,2024-07-25 13:46:55,39.8413,-121.7618,135.02
Mayday_12,1,1,ABI_G18_20242071346175_groups.csv,6,2024-07-25 13:46:55,39.8143,-121.8349,50.45
Mayday_12,1,1,ABI_G18_20242071351175_groups.csv,3,2024-07-25 13:51:55,39.8216,-121.7437,439.63
Mayday_12,1,1,ABI_G18_20242071351175_groups.csv,5,2024-07-25 13:51:55,39.8143,-121.8349,32.32
Mayday_12,1,1,ABI_G18_20242071356175_groups.csv,2,2024-07-25 13:56:55,39.8242,-121.7428,663.52
Mayday_12,1,1,ABI_G18_20242071356175_groups.csv,4,2024-07-25 13:56:55,39.8143,-121.8349,35.87
Mayday_12,1,1,ABI_G18_20242071401175_groups.csv,2,2024-07-25 14:01:55,39.8219,-121.7445,760.05
Mayday_12,1,1,ABI_G18_20242071401175_groups.csv,3,2024-07-25 14:01:55,39.8143,-121.8349,173
Mayday_12,1,1,ABI_G18_20242071406175_groups.csv,2,2024-07-25 14:06:55,39.8144,-121.7467,521.97
Mayday_12,1,1,ABI_G18_20242071406175_groups.csv,3,2024-07-25 14:06:55,39.8025,-121.8379,351.26
Mayday_12,1,1,ABI_G18_20242071411175_groups.csv,2,2024-07-25 14:11:55,39.7979,-121.8245,813.7
Mayday_12,1,1,ABI_G18_20242071416175_groups.csv,3,2024-07-25 14:16:55,39.8223,-121.7448,582.1
Mayday_12,1,1,ABI_G18_20242071416175_groups.csv,4,2024-07-25 14:16:55,39.8141,-121.8204,292.06
Mayday_12,1,1,ABI_G18_20242071421175_groups.csv,4,2024-07-25 14:21:55,39.8224,-121.7306,211.87
Mayday_12,1,1,ABI_G18_20242071421175_groups.csv,3,2024-07-25 14:21:55,39.799,-121.8236,809.35
Mayday_12,1,1,ABI_G18_20242071426175_groups.csv,3,2024-07-25 14:26:55,39.8003,-121.8127,753.01
Mayday_12,1,1,ABI_G18_20242071431175_groups.csv,3,2024-07-25 14:31:55,39.7993,-121.8234,899.43
Mayday_12,1,1,ABI_G18_20242071436175_groups.csv,2,2024-07-25 14:36:55,39.8141,-121.8209,467.46
Mayday_12,1,1,ABI_G18_20242071441175_groups.csv,4,2024-07-25 14:41:55,39.8019,-121.8241,757.1
Mayday_12,1,1,ABI_G18_20242071446175_groups.csv,6,2024-07-25 14:46:55,39.8262,-121.7296,316.31
Mayday_12,1,1,ABI_G18_20242071446175_groups.csv,5,2024-07-25 14:46:55,39.8019,-121.8125,359.22
Mayday_12,1,1,ABI_G18_20242071451175_groups.csv,5,2024-07-25 14:51:55,39.826,-121.7297,302.08
Mayday_12,1,1,ABI_G18_20242071451175_groups.csv,4,2024-07-25 14:51:55,39.8145,-121.8092,181.36
Mayday_12,1,1,ABI_G18_20242071456175_groups.csv,4,2024-07-25 14:56:55,39.827,-121.7441,793.98
Mayday_12,1,1,ABI_G18_20242071501175_groups.csv,3,2024-07-25 15:01:55,39.8275,-121.7433,978.31
Mayday_12,1,1,ABI_G18_20242071501175_groups.csv,4,2024-07-25 15:01:55,39.8143,-121.8349,149.11
Mayday_12,1,1,ABI_G18_20242071506175_groups.csv,2,2024-07-25 15:06:55,39.821,-121.7418,606.06
Mayday_12,1,1,ABI_G18_20242071506175_groups.csv,3,2024-07-25 15:06:55,39.8143,-121.8349,124.31
Mayday_12,1,1,ABI_G18_20242071511175_groups.csv,5,2024-07-25 15:11:55,39.8144,-121.7461,174.69
Mayday_12,1,1,ABI_G18_20242071511175_groups.csv,7,2024-07-25 15:11:55,39.8143,-121.8349,19.52
Mayday_12,1,1,ABI_G18_20242071516175_groups.csv,5,2024-07-25 15:16:55,39.8144,-121.7471,434.04
Mayday_12,1,1,ABI_G18_20242071516175_groups.csv,6,2024-07-25 15:16:55,39.8143,-121.8349,152.53
Mayday_12,1,1,ABI_G18_20242071521175_groups.csv,4,2024-07-25 15:21:55,39.8144,-121.7474,418.61
Mayday_12,1,1,ABI_G18_20242071526175_groups.csv,2,2024-07-25 15:26:55,39.8144,-121.7471,341.04
Mayday_12,1,1,ABI_G18_20242071531175_groups.csv,4,2024-07-25 15:31:55,39.8144,-121.7464,594.09
Mayday_12,1,1,ABI_G18_20242071531175_groups.csv,5,2024-07-25 15:31:55,39.8143,-121.8349,149.36
Mayday_12,1,1,ABI_G18_20242071536175_groups.csv,3,2024-07-25 15:36:55,39.8144,-121.7464,562.69
Mayday_12,1,1,ABI_G18_20242071536175_groups.csv,4,2024-07-25 15:36:55,39.8143,-121.8349,146.9
Mayday_12,1,1,ABI_G18_20242071541175_groups.csv,2,2024-07-25 15:41:55,39.8213,-121.7414,557.47
Mayday_12,1,1,ABI_G18_20242071546175_groups.csv,3,2024-07-25 15:46:55,39.8214,-121.7412,588.31
Mayday_12,1,1,ABI_G18_20242071551175_groups.csv,3,2024-07-25 15:51:55,39.8144,-121.7465,532.68
Mayday_12,1,1,ABI_G18_20242071556175_groups.csv,2,2024-07-25 15:56:55,39.8144,-121.7466,542.56
Mayday_12,1,1,ABI_G18_20242071601175_groups.csv,3,2024-07-25 16:01:55,39.8144,-121.7465,639.46
Mayday_12,1,1,ABI_G18_20242071606175_groups.csv,4,2024-07-25 16:06:55,39.8144,-121.7463,649.56
Mayday_12,1,1,ABI_G18_20242071611175_groups.csv,2,2024-07-25 16:11:55,39.8144,-121.7464,615.67
Mayday_12,1,1,ABI_G18_20242071616175_groups.csv,2,2024-07-25 16:16:55,39.8144,-121.7462,719.41
Mayday_12,1,1,ABI_G18_20242071621175_groups.csv,3,2024-07-25 16:21:55,39.8144,-121.7463,658.09
Mayday_12,1,1,ABI_G18_20242071631175_groups.csv,2,2024-07-25 16:31:55,39.8144,-121.7467,684.72
Mayday_12,1,1,ABI_G18_20242071636175_groups.csv,4,2024-07-25 16:36:55,39.8144,-121.7464,671.16
Mayday_12,1,1,ABI_G18_20242071651175_groups.csv,3,2024-07-25 16:51:55,39.814,-121.7328,395.87
Mayday_12,1,1,ABI_G18_20242071726175_groups.csv,2,2024-07-25 17:26:55,39.8413,-121.763,968.98
Mayday_12,1,1,ABI_G18_20242071731175_groups.csv,4,2024-07-25 17:31:55,39.8413,-121.7626,1375.41
Mayday_12,1,1,ABI_G18_20242071736175_groups.csv,4,2024-07-25 17:36:55,39.8413,-121.7623,2632.42
Mayday_12,1,1,ABI_G18_20242071741175_groups.csv,2,2024-07-25 17:41:55,39.8413,-121.7623,3795.4
Mayday_12,0,0,,0,2024-07-25 18:14:00,39.793,-121.7468,14.8
Mayday_12,0,0,,0,2024-07-25 18:14:00,39.8003,-121.7332,46.5
Mayday_12,0,0,,0,2024-07-25 18:14:00,39.8075,-121.7196,20.8
Mayday_12,0,0,,0,2024-07-25 18:14:00,39.8091,-121.7312,132.7
Mayday_12,0,0,,0,2024-07-25 18:14:00,39.8179,-121.7291,82.4
Mayday_12,0,0,,0,2024-07-25 18:14:00,39.8195,-121.7406,44.4
Mayday_12,0,0,,0,2024-07-25 18:14:00,39.8268,-121.7271,302.1
Mayday_12,0,0,,0,2024-07-25 18:14:00,39.8284,-121.7386,1611.8
Mayday_12,0,0,,0,2024-07-25 18:14:00,39.8299,-121.7502,482.2
Mayday_12,0,0,,0,2024-07-25 18:14:00,39.8315,-121.7618,20.9
Mayday_12,0,0,,0,2024-07-25 18:14:00,39.8372,-121.7366,1061.8
Mayday_12,0,0,,0,2024-07-25 18:14:00,39.8388,-121.7482,1612.5
Mayday_12,0,0,,0,2024-07-25 18:14:00,39.8404,-121.7599,277.4
Mayday_12,0,0,,0,2024-07-25 18:14:00,39.846,-121.7346,76.4
Mayday_12,0,0,,0,2024-07-25 18:14:00,39.8476,-121.7462,1615
Mayday_12,0,0,,0,2024-07-25 18:14:00,39.8492,-121.7578,224.2
Mayday_12,0,0,,0,2024-07-25 18:14:00,39.8582,-121.7492,321.3
Mayday_12,0,0,,0,2024-07-25 18:14:00,39.8598,-121.7607,103
Mayday_12,0,0,,0,2024-07-25 18:14:00,39.867,-121.7472,35.2
Mayday_12,0,0,,0,2024-07-25 18:14:00,39.8686,-121.7587,52.2
Mayday_12,0,0,,0,2024-07-25 18:14:00,39.7914,-121.7353,28.1
Mayday_12,0,0,,0,2024-07-25 18:14:00,39.7921,-121.8068,20.4
Mayday_12,1,1,ABI_G18_20242071841175_groups.csv,2,2024-07-25 18:41:55,39.8511,-121.7501,9401.4
Mayday_12,1,1,ABI_G18_20242071851175_groups.csv,2,2024-07-25 18:51:55,39.8508,-121.7498,7974.91
Mayday_12,1,1,ABI_G18_20242071856175_groups.csv,3,2024-07-25 18:56:55,39.8505,-121.7489,9188.77
Mayday_12,1,1,ABI_G18_20242071901175_groups.csv,2,2024-07-25 19:01:55,39.8502,-121.7492,7519.58
Mayday_12,1,1,ABI_G18_20242071911175_groups.csv,3,2024-07-25 19:11:55,39.8529,-121.7995,606.59
Mayday_12,0,0,,0,2024-07-25 20:02:00,39.79272,-121.73743,99.3
Mayday_12,0,0,,0,2024-07-25 20:02:00,39.79538,-121.72942,48.89
Mayday_12,0,0,,0,2024-07-25 20:02:00,39.79336,-121.73615,48.89
Mayday_12,0,0,,0,2024-07-25 20:02:00,39.80293,-121.72649,40.47
Mayday_12,0,0,,0,2024-07-25 20:02:00,39.80116,-121.73236,48.89
Mayday_12,0,0,,0,2024-07-25 20:02:00,39.81052,-121.72338,42.19
Mayday_12,0,0,,0,2024-07-25 20:02:00,39.80889,-121.72882,42.19
Mayday_12,0,0,,0,2024-07-25 20:02:00,39.81649,-121.72569,42.19
Mayday_12,0,0,,0,2024-07-25 20:02:00,39.79436,-121.79942,6.77
Mayday_12,0,0,,0,2024-07-25 20:02:00,39.79239,-121.80598,6.77
Mayday_12,0,0,,0,2024-07-25 20:02:00,39.82259,-121.72755,32.68
Mayday_12,0,0,,0,2024-07-25 20:02:00,39.82116,-121.73228,32.68
Mayday_12,0,0,,0,2024-07-25 20:02:00,39.82874,-121.7292,32.68
Mayday_12,0,0,,0,2024-07-25 20:02:00,39.8271,-121.73468,32.68
Mayday_12,0,0,,0,2024-07-25 20:02:00,39.8308,-121.74456,24.8
Mayday_12,0,0,,0,2024-07-25 20:02:00,39.83282,-121.73778,88.39
Mayday_12,0,0,,0,2024-07-25 20:02:00,39.83472,-121.73143,88.39
Mayday_12,0,0,,0,2024-07-25 20:02:00,39.83653,-121.74767,24.8
Mayday_12,0,0,,0,2024-07-25 20:02:00,39.84058,-121.73409,88.39
Mayday_12,0,0,,0,2024-07-25 20:02:00,39.83857,-121.74081,88.39
Mayday_12,0,0,,0,2024-07-25 20:02:00,39.84434,-121.7438,142.06
Mayday_12,0,0,,0,2024-07-25 20:02:00,39.84219,-121.75103,65.54
Mayday_12,0,0,,0,2024-07-25 20:02:00,39.84637,-121.73698,142.06
Mayday_12,0,0,,0,2024-07-25 20:02:00,39.85415,-121.73318,136.95
Mayday_12,0,0,,0,2024-07-25 20:02:00,39.85204,-121.74026,142.06
Mayday_12,0,0,,0,2024-07-25 20:02:00,39.86186,-121.72957,300.74
Mayday_12,0,0,,0,2024-07-25 20:02:00,39.8576,-121.7439,248.55
Mayday_12,0,0,,0,2024-07-25 20:02:00,39.85577,-121.7501,248.55
Mayday_12,0,0,,0,2024-07-25 20:02:00,39.85974,-121.73672,300.74
Mayday_12,0,0,,0,2024-07-25 20:02:00,39.8673,-121.73361,300.74
Mayday_12,0,0,,0,2024-07-25 20:02:00,39.86016,-121.75768,47.09
Mayday_12,0,0,,0,2024-07-25 20:02:00,39.86531,-121.74035,300.74
Mayday_12,0,0,,0,2024-07-25 20:02:00,39.86342,-121.74673,248.55
Mayday_12,0,0,,0,2024-07-25 20:02:00,39.86195,-121.75167,248.55
Mayday_12,0,0,,0,2024-07-25 20:02:00,39.87131,-121.74252,830.43
Mayday_12,0,0,,0,2024-07-25 20:02:00,39.86612,-121.75999,136.63
Mayday_12,0,0,,0,2024-07-25 20:02:00,39.86968,-121.74802,634.99
Mayday_12,0,0,,0,2024-07-25 20:02:00,39.86802,-121.75362,634.99
Mayday_12,0,0,,0,2024-07-25 20:02:00,39.86794,-121.73454,276.72
Mayday_12,0,0,,0,2024-07-25 20:02:00,39.86076,-121.75823,180.5
Mayday_12,0,0,,0,2024-07-25 20:02:00,39.86595,-121.7411,667.55
Mayday_12,0,0,,0,2024-07-25 20:02:00,39.86413,-121.74712,667.55
Mayday_12,0,0,,0,2024-07-25 20:02:00,39.86263,-121.75208,180.5
Mayday_12,0,0,,0,2024-07-25 20:02:00,39.87206,-121.74294,667.55
Mayday_12,0,0,,0,2024-07-25 20:02:00,39.86672,-121.76058,180.5
Mayday_12,0,0,,0,2024-07-25 20:02:00,39.86481,-121.76688,40.94
Mayday_12,0,0,,0,2024-07-25 20:02:00,39.8704,-121.74842,667.55
Mayday_12,0,0,,0,2024-07-25 20:02:00,39.86867,-121.75414,180.5
Mayday_12,0,0,,0,2024-07-25 20:51:00,39.78808,-121.74292,8.87
Mayday_12,0,0,,0,2024-07-25 20:51:00,39.79227,-121.73916,8.87
Mayday_12,0,0,,0,2024-07-25 20:51:00,39.79647,-121.7353,95.51
Mayday_12,0,0,,0,2024-07-25 20:51:00,39.81912,-121.72684,143.07
Mayday_12,0,0,,0,2024-07-25 20:51:00,39.81833,-121.73136,143.07
Mayday_12,0,0,,0,2024-07-25 20:51:00,39.82249,-121.72771,143.07
Mayday_12,0,0,,0,2024-07-25 20:51:00,39.82169,-121.73229,143.07
Mayday_12,0,0,,0,2024-07-25 20:51:00,39.82586,-121.7286,126.51
Mayday_12,0,0,,0,2024-07-25 20:51:00,39.82923,-121.72952,126.51
Mayday_12,0,0,,0,2024-07-25 20:51:00,39.83259,-121.73043,81.27
Mayday_12,0,0,,0,2024-07-25 20:51:00,39.83176,-121.73518,81.27
Mayday_12,0,0,,0,2024-07-25 20:51:00,39.83092,-121.73999,8.05
Mayday_12,0,0,,0,2024-07-25 20:51:00,39.83007,-121.74483,8.05
Mayday_12,0,0,,0,2024-07-25 20:51:00,39.83595,-121.73138,81.27
Mayday_12,0,0,,0,2024-07-25 20:51:00,39.83427,-121.74097,8.05
Mayday_12,0,0,,0,2024-07-25 20:51:00,39.83344,-121.74579,8.05
Mayday_12,0,0,,0,2024-07-25 20:51:00,39.8326,-121.75056,20.56
Mayday_12,0,0,,0,2024-07-25 20:51:00,39.83511,-121.73618,81.27
Mayday_12,0,0,,0,2024-07-25 20:51:00,39.83625,-121.73385,0
Mayday_12,0,0,,0,2024-07-25 20:51:00,39.83539,-121.73862,19.26
Mayday_12,0,0,,0,2024-07-25 20:51:00,39.83453,-121.74346,19.26
Mayday_12,0,0,,0,2024-07-25 20:51:00,39.83368,-121.74825,24.34
Mayday_12,0,0,,0,2024-07-25 20:51:00,39.83709,-121.7291,0
Mayday_12,0,0,,0,2024-07-25 20:51:00,39.83116,-121.7624,14.18
Mayday_12,0,0,,0,2024-07-25 20:51:00,39.83789,-121.74443,19.26
Mayday_12,0,0,,0,2024-07-25 20:51:00,39.84045,-121.73003,0
Mayday_12,0,0,,0,2024-07-25 20:51:00,39.8396,-121.73483,0
Mayday_12,0,0,,0,2024-07-25 20:51:00,39.83875,-121.73961,19.26
Mayday_12,0,0,,0,2024-07-25 20:51:00,39.83703,-121.74925,24.34
Mayday_12,0,0,,0,2024-07-25 20:51:00,39.84381,-121.73098,0
Mayday_12,0,0,,0,2024-07-25 20:51:00,39.84295,-121.7358,0
Mayday_12,0,0,,0,2024-07-25 20:51:00,39.84124,-121.74543,28.85
Mayday_12,0,0,,0,2024-07-25 20:51:00,39.84037,-121.75028,12.96
Mayday_12,0,0,,0,2024-07-25 20:51:00,39.83951,-121.7551,12.96
Mayday_12,0,0,,0,2024-07-25 20:51:00,39.84209,-121.74059,28.85
Mayday_12,0,0,,0,2024-07-25 20:51:00,39.84716,-121.73196,0
Mayday_12,0,0,,0,2024-07-25 20:51:00,39.8446,-121.74638,28.85
Mayday_12,0,0,,0,2024-07-25 20:51:00,39.84372,-121.75127,12.96
Mayday_12,0,0,,0,2024-07-25 20:51:00,39.84631,-121.73677,0
Mayday_12,0,0,,0,2024-07-25 20:51:00,39.84544,-121.74159,28.85
Mayday_12,0,0,,0,2024-07-25 20:51:00,39.85052,-121.73293,0
Mayday_12,0,0,,0,2024-07-25 20:51:00,39.84966,-121.73774,0
Mayday_12,0,0,,0,2024-07-25 20:51:00,39.8488,-121.7426,50.71
Mayday_12,0,0,,0,2024-07-25 20:51:00,39.84794,-121.74741,50.71
Mayday_12,0,0,,0,2024-07-25 20:51:00,39.84707,-121.75229,38.43
Mayday_12,0,0,,0,2024-07-25 20:51:00,39.85214,-121.74363,50.71
Mayday_12,0,0,,0,2024-07-25 20:51:00,39.85128,-121.74845,50.71
Mayday_12,0,0,,0,2024-07-25 20:51:00,39.85387,-121.73392,0
Mayday_12,0,0,,0,2024-07-25 20:51:00,39.853,-121.73876,0
Mayday_12,0,0,,0,2024-07-25 20:51:00,39.85722,-121.73491,0
Mayday_12,0,0,,0,2024-07-25 20:51:00,39.85635,-121.73978,0
Mayday_12,0,0,,0,2024-07-25 20:51:00,39.85464,-121.74939,53.25
Mayday_12,0,0,,0,2024-07-25 20:51:00,39.85807,-121.73008,304.85
Mayday_12,0,0,,0,2024-07-25 20:51:00,39.86142,-121.7311,304.85
Mayday_12,0,0,,0,2024-07-25 20:51:00,39.85969,-121.74081,0
Mayday_12,0,0,,0,2024-07-25 20:51:00,39.85801,-121.7503,53.25
Mayday_12,0,0,,0,2024-07-25 20:51:00,39.86056,-121.73594,0
Mayday_12,0,0,,0,2024-07-25 20:51:00,39.86562,-121.7273,0
Mayday_12,0,0,,0,2024-07-25 20:51:00,39.86475,-121.73215,0
Mayday_12,0,0,,0,2024-07-25 20:51:00,39.8639,-121.73698,340.35
Mayday_12,0,0,,0,2024-07-25 20:51:00,39.86139,-121.75118,67.15
Mayday_12,0,0,,0,2024-07-25 20:51:00,39.86981,-121.72352,23.64
Mayday_12,0,0,,0,2024-07-25 20:51:00,39.86895,-121.72836,0
Mayday_12,0,0,,0,2024-07-25 20:51:00,39.86724,-121.73801,340.35
Mayday_12,0,0,,0,2024-07-25 20:51:00,39.86476,-121.75208,67.15
Mayday_12,0,0,,0,2024-07-25 20:51:00,39.8681,-121.73318,0
Mayday_12,0,0,,0,2024-07-25 20:51:00,39.87315,-121.72453,0
Mayday_12,0,0,,0,2024-07-25 20:51:00,39.85619,-121.8203,23.21
Mayday_12,0,0,,0,2024-07-25 20:51:00,39.87229,-121.72939,0
Mayday_12,0,0,,0,2024-07-25 20:51:00,39.87143,-121.73425,0
Mayday_12,0,0,,0,2024-07-25 20:51:00,39.86977,-121.74368,172.77
Mayday_12,0,0,,0,2024-07-25 20:51:00,39.86895,-121.74833,58.91
Mayday_12,0,0,,0,2024-07-25 20:51:00,39.87315,-121.74453,172.77
Mayday_12,0,0,,0,2024-07-25 20:51:00,39.87149,-121.75393,58.91
Mayday_12,0,0,,0,2024-07-25 20:51:00,39.8765,-121.72554,0
Mayday_12,0,0,,0,2024-07-25 20:51:00,39.87565,-121.73034,0
Mayday_12,0,0,,0,2024-07-25 20:51:00,39.87481,-121.73513,0
Mayday_12,0,0,,0,2024-07-25 20:51:00,39.87232,-121.74921,58.91
Mayday_12,0,0,,0,2024-07-25 20:51:00,39.87734,-121.74075,152.03
Mayday_12,0,0,,0,2024-07-25 20:51:00,39.87817,-121.73602,0
Mayday_12,0,0,,0,2024-07-25 20:51:00,39.87652,-121.74539,152.03
Mayday_12,0,0,,0,2024-07-25 20:51:00,39.87989,-121.74631,152.03
Mayday_12,0,0,,0,2024-07-25 20:51:00,39.88155,-121.73689,0
Mayday_12,0,0,,0,2024-07-25 20:51:00,39.88072,-121.74159,152.03
Mayday_12,0,0,,0,2024-07-25 20:51:00,39.87906,-121.75105,316.33
Mayday_12,0,0,,0,2024-07-25 20:51:00,39.88409,-121.74251,0
Mayday_12,0,0,,0,2024-07-25 20:51:00,39.88325,-121.74723,0
Mayday_12,0,0,,0,2024-07-25 21:36:00,39.8005,-121.7235,56.3
Mayday_12,0,0,,0,2024-07-25 21:36:00,39.7978,-121.7383,85
Mayday_12,0,0,,0,2024-07-25 21:36:00,39.8102,-121.7267,93
Mayday_12,0,0,,0,2024-07-25 21:36:00,39.82,-121.7294,263.6
Mayday_12,0,0,,0,2024-07-25 21:36:00,39.8175,-121.7435,47.4
Mayday_12,0,0,,0,2024-07-25 21:36:00,39.8193,-121.7342,177.4
Mayday_12,0,0,,0,2024-07-25 21:36:00,39.8317,-121.7232,127.8
Mayday_12,0,0,,0,2024-07-25 21:36:00,39.829,-121.7373,348.5
Mayday_12,0,0,,0,2024-07-25 21:36:00,39.8263,-121.7518,21.6
Mayday_12,0,0,,0,2024-07-25 21:36:00,39.8415,-121.7257,579.3
Mayday_12,0,0,,0,2024-07-25 21:36:00,39.8388,-121.7403,679.5
Mayday_12,0,0,,0,2024-07-25 21:36:00,39.836,-121.7553,26.1
Mayday_12,0,0,,0,2024-07-25 21:36:00,39.8513,-121.7284,754.8
Mayday_12,0,0,,0,2024-07-25 21:36:00,39.8486,-121.7434,549.7
Mayday_12,0,0,,0,2024-07-25 21:36:00,39.8637,-121.7173,51.6
Mayday_12,0,0,,0,2024-07-25 21:36:00,39.8611,-121.7313,940.5
Mayday_12,0,0,,0,2024-07-25 21:36:00,39.8583,-121.7465,286.4
Mayday_12,0,0,,0,2024-07-25 21:36:00,39.8735,-121.7199,306.5
Mayday_12,0,0,,0,2024-07-25 21:36:00,39.8708,-121.7347,492.9
Mayday_12,0,0,,0,2024-07-25 21:36:00,39.8681,-121.7492,199.8
Mayday_12,0,0,,0,2024-07-25 21:36:00,39.8655,-121.7637,89.7
Mayday_12,0,0,,0,2024-07-25 21:36:00,39.8544,-121.8239,13.1
Mayday_12,0,0,,0,2024-07-25 21:36:00,39.8806,-121.7372,926.2
Mayday_12,0,0,,0,2024-07-25 21:36:00,39.878,-121.7517,1051.1
Mayday_12,0,0,,0,2024-07-25 21:36:00,39.8753,-121.7666,568.1
Mayday_12,0,0,,0,2024-07-25 21:36:00,39.8725,-121.7815,29
Mayday_12,0,0,,0,2024-07-25 21:36:00,39.885,-121.7698,35.4
Mayday_12,0,0,,0,2024-07-25 21:42:00,39.88263,-121.73993,158.39
Mayday_12,0,0,,0,2024-07-25 21:42:00,39.88174,-121.75405,144.43
Mayday_12,0,0,,0,2024-07-25 21:42:00,39.88218,-121.74717,144.43
Mayday_12,0,0,,0,2024-07-25 21:42:00,39.87642,-121.76003,212.18
Mayday_12,0,0,,0,2024-07-25 21:42:00,39.87861,-121.72468,182.57
Mayday_12,0,0,,0,2024-07-25 21:42:00,39.87728,-121.74621,144.43
Mayday_12,0,0,,0,2024-07-25 21:42:00,39.87599,-121.76679,212.18
Mayday_12,0,0,,0,2024-07-25 21:42:00,39.87684,-121.7533,144.43
Mayday_12,0,0,,0,2024-07-25 21:42:00,39.87287,-121.73733,144.05
Mayday_12,0,0,,0,2024-07-25 21:42:00,39.87368,-121.72421,226.6
Mayday_12,0,0,,0,2024-07-25 21:42:00,39.8724,-121.7449,36.27
Mayday_12,0,0,,0,2024-07-25 21:42:00,39.87109,-121.76603,132.19
Mayday_12,0,0,,0,2024-07-25 21:42:00,39.86705,-121.75127,36.27
Mayday_12,0,0,,0,2024-07-25 21:42:00,39.86752,-121.74361,36.27
Mayday_12,0,0,,0,2024-07-25 21:42:00,39.86835,-121.7302,144.05
Mayday_12,0,0,,0,2024-07-25 21:42:00,39.88039,-121.74689,242.82
Mayday_12,0,0,,0,2024-07-25 21:42:00,39.88089,-121.73957,242.82
Mayday_12,0,0,,0,2024-07-25 21:42:00,39.87991,-121.75383,349.46
Mayday_12,0,0,,0,2024-07-25 21:42:00,39.87455,-121.75977,287.06
Mayday_12,0,0,,0,2024-07-25 21:42:00,39.87551,-121.74577,51.87
Mayday_12,0,0,,0,2024-07-25 21:42:00,39.87602,-121.73826,51.87
Mayday_12,0,0,,0,2024-07-25 21:42:00,39.8741,-121.76655,182.38
Mayday_12,0,0,,0,2024-07-25 21:42:00,39.87695,-121.72459,173.3
Mayday_12,0,0,,0,2024-07-25 21:42:00,39.87201,-121.72414,173.3
Mayday_12,0,0,,0,2024-07-25 21:42:00,39.87064,-121.74445,51.87
Mayday_12,0,0,,0,2024-07-25 21:42:00,39.86576,-121.74332,45.7
Mayday_12,0,0,,0,2024-07-25 21:42:00,39.86621,-121.73658,45.7
Mayday_12,0,0,,0,2024-07-25 21:42:00,39.86664,-121.73022,314.78
Mayday_12,0,0,,0,2024-07-25 21:42:00,39.86037,-121.74976,43.91
Mayday_12,0,0,,0,2024-07-25 21:42:00,39.86128,-121.73627,45.7
Mayday_12,0,0,,0,2024-07-25 21:42:00,39.8617,-121.72995,314.78
Mayday_12,0,0,,0,2024-07-25 21:42:00,39.85581,-121.81732,23.9
Mayday_12,0,0,,0,2024-07-25 21:42:00,39.86086,-121.74255,45.7
Mayday_12,0,0,,0,2024-07-25 21:42:00,39.85593,-121.74214,74.83
Mayday_12,0,0,,0,2024-07-25 21:42:00,39.85635,-121.73584,74.83
Mayday_12,0,0,,0,2024-07-25 21:42:00,39.85678,-121.72939,266.1
Mayday_12,0,0,,0,2024-07-25 21:42:00,39.851,-121.74171,74.83
Mayday_12,0,0,,0,2024-07-25 21:42:00,39.85142,-121.73532,74.83
Mayday_12,0,0,,0,2024-07-25 21:42:00,39.85186,-121.72868,266.1
Mayday_12,0,0,,0,2024-07-25 21:42:00,39.84607,-121.74125,99.77
Mayday_12,0,0,,0,2024-07-25 21:42:00,39.8465,-121.73472,99.77
Mayday_12,0,0,,0,2024-07-25 21:42:00,39.84696,-121.72787,230.2
Mayday_12,0,0,,0,2024-07-25 21:42:00,39.84073,-121.74709,46.21
Mayday_12,0,0,,0,2024-07-25 21:42:00,39.84116,-121.74062,99.77
Mayday_12,0,0,,0,2024-07-25 21:42:00,39.84159,-121.73404,99.77
Mayday_12,0,0,,0,2024-07-25 21:42:00,39.84206,-121.72685,230.2
Mayday_12,0,0,,0,2024-07-25 21:42:00,39.83581,-121.74652,38.75
Mayday_12,0,0,,0,2024-07-25 21:42:00,39.83624,-121.73998,48.5
Mayday_12,0,0,,0,2024-07-25 21:42:00,39.83667,-121.73335,48.5
Mayday_12,0,0,,0,2024-07-25 21:42:00,39.83132,-121.7394,48.5
Mayday_12,0,0,,0,2024-07-25 21:42:00,39.83176,-121.73267,48.5
Mayday_12,0,0,,0,2024-07-25 21:42:00,39.82195,-121.73105,118.47
Mayday_12,0,0,,0,2024-07-25 21:42:00,39.80729,-121.7278,123.87
Mayday_12,1,1,ABI_G18_20242072156176_groups.csv,3,2024-07-25 21:56:55,39.8406,-121.7389,NaN
